opentime,open,high,low,close,volume
1514764800,13715.65,13818.55,12750.0,13380.0,8609.915844
1514851200,13382.16,15473.49,12890.02,14675.11,20078.092110999998
1514937600,14690.0,15307.56,14150.0,14919.51,15905.667639
1515024000,14919.51,15280.0,13918.04,15059.54,21329.649574
1515110400,15059.56,17176.24,14600.0,16960.39,23251.491125000004
1515196800,16960.39,17143.13,16011.21,17069.79,18571.457507999996
1515283200,17069.79,17099.96,15610.0,16150.03,12493.125558
1515369600,16218.85,16322.3,12812.0,14902.54,26600.609912
1515456000,14902.54,15500.0,14011.05,14400.0,14315.004253
1515542400,14401.0,14955.66,13131.31,14907.09,17411.001655000007
1515628800,14940.0,14968.68,11400.0,13238.78,33554.723751
1515715200,13238.76,14109.78,12500.0,13740.01,16417.162136999996
1515801600,13749.95,14580.0,13706.15,14210.0,12221.508527999998
1515888000,14210.0,14339.5,12569.2,13474.99,17017.894329000002
1515974400,13477.98,14249.99,13147.79,13539.93,14652.094705000001
1516060800,13500.0,13542.93,9035.0,10900.0,63401.169175
1516147200,10899.99,11680.99,9037.94,10988.79,72331.79664600002
1516233600,10972.59,11878.82,10435.33,10961.97,48464.43493699998
1516320000,10960.0,11795.0,10360.0,11474.98,34129.375421000004
1516406400,11474.98,13099.0,11412.45,12799.94,28768.857827
1516492800,12799.8,12799.8,10965.0,11530.0,41379.773426
1516579200,11530.0,11926.35,9900.24,10760.05,43752.606791000006
1516665600,10760.05,11399.0,9905.0,10799.18,37473.922551999996
1516752000,10799.14,11570.48,10500.0,11349.99,27158.587762
1516838400,11349.96,11794.05,10950.21,11175.27,20839.954183
1516924800,11184.7,11643.0,10311.15,11089.0,33056.87196
1517011200,11089.0,11650.0,10842.69,11491.0,18860.768345
1517097600,11499.98,12244.0,11408.0,11879.95,16887.339524000003
1517184000,11879.95,11975.02,11139.55,11251.0,14170.377538
1517270400,11250.11,11308.42,9900.0,10237.51,25554.372946
1517356800,10230.0,10425.85,9700.0,10285.1,18015.956805
1517443200,10285.1,10335.0,8750.99,9224.52,33564.764311
1517529600,9224.52,9250.0,8010.02,8873.03,49971.62697500001
1517616000,8873.03,9473.01,8229.0,9199.96,28725.000734999998
1517702400,9199.96,9368.0,7930.0,8184.81,32014.308449
1517788800,8179.99,8382.8,6625.0,6939.99,63402.31448199999
1517875200,6939.63,7878.0,6000.01,7652.14,100201.500307
1517961600,7655.02,8476.0,7150.01,7599.0,60777.68408600001
1518048000,7599.0,7844.0,7572.09,7784.02,1521.5373179999995
1518134400,7789.9,8738.0,7789.9,8683.92,20631.386243
1518220800,8683.92,9065.78,8120.0,8533.98,49379.85313500001
1518307200,8533.99,8549.0,7726.53,8063.88,45025.18795199999
1518393600,8063.82,8989.0,8053.0,8903.0,41987.85049
1518480000,8903.0,8950.0,8351.0,8539.9,35454.972956000005
1518566400,8535.17,9489.6,8533.0,9449.99,40811.95286700001
1518652800,9449.98,10219.5,9301.5,10000.09,52427.596715
1518739200,10000.89,10323.37,9666.0,10159.98,38161.205974000004
1518825600,10156.07,11075.07,10050.0,11039.55,41882.108406999985
1518912000,11039.55,11274.0,10080.0,10383.43,61137.380728000004
1518998400,10375.01,11250.0,10270.33,11153.0,40831.41713100002
1519084800,11147.11,11786.01,11100.59,11200.99,48153.354288
1519171200,11195.07,11304.03,10200.0,10437.6,68113.818754
1519257600,10439.02,10933.44,9679.0,9811.04,67060.166483
1519344000,9815.55,10435.0,9570.19,10131.04,57202.70237
1519430400,10131.04,10496.97,9352.0,9694.51,40888.156298999995
1519516800,9694.51,9847.0,9274.8,9590.0,28373.517586
1519603200,9590.0,10444.32,9350.0,10324.0,34878.292755999995
1519689600,10321.0,10870.0,10121.0,10569.04,30705.385123
1519776000,10584.33,11098.0,10300.0,10326.76,30800.983782
1519862400,10325.64,11060.41,10240.0,10920.0,25092.553930000005
1519948800,10923.36,11200.0,10770.0,11039.0,23910.710090000004
1520035200,11038.99,11544.0,11015.01,11464.48,21287.153280000006
1520121600,11464.47,11565.0,11050.02,11515.0,17122.482571999997
1520208000,11515.0,11710.0,11415.01,11454.0,15144.231063000001
1520294400,11455.0,11455.0,10555.48,10716.48,29515.572362999996
1520380800,10716.48,10899.0,9389.31,9910.0,50647.67108000001
1520467200,9910.0,10099.0,9060.0,9271.64,41109.473225999995
1520553600,9267.07,9410.0,8329.0,9227.0,64112.29140699999
1520640000,9230.0,9490.0,8667.07,8770.22,37180.012857
1520726400,8770.22,9740.0,8450.0,9533.57,44325.97338600002
1520812800,9533.57,9888.88,8780.0,9131.34,42230.34751300001
1520899200,9131.34,9474.0,8823.0,9150.0,40191.409358000004
1520985600,9151.92,9333.78,7900.28,8170.0,49708.094108
1521072000,8184.01,8430.0,7650.0,8240.98,52291.022277
1521158400,8240.98,8611.64,7900.0,8260.0,38815.409893
1521244800,8260.0,8348.62,7721.99,7824.8,33110.20632900001
1521331200,7824.01,8317.4,7322.0,8189.99,59488.231710999986
1521417600,8189.0,8705.23,8088.4,8600.0,55297.084941999994
1521504000,8595.01,9050.0,8280.0,8909.98,44863.37616600001
1521590400,8909.96,9177.01,8750.6,8885.0,39972.40537099999
1521676800,8884.82,9100.0,8465.1,8722.9,40617.55680900001
1521763200,8720.0,8909.0,8269.0,8898.03,39990.868008000005
1521849600,8898.04,8999.95,8491.0,8546.86,35466.609572
1521936000,8531.25,8669.85,8365.77,8470.15,29001.769316
1522022400,8470.14,8514.89,7831.0,8134.23,44031.973832
1522108800,8134.22,8215.94,7730.0,7795.51,37427.64805
1522195200,7795.51,8109.0,7728.0,7949.3,26401.33167
1522281600,7949.3,7975.0,6941.11,7090.14,54620.91512499999
1522368000,7090.16,7292.43,6600.1,6840.23,65306.031976
1522454400,6840.24,7223.36,6777.0,6923.91,36868.539087
1522540800,6922.0,7049.98,6430.0,6813.01,44071.43046300001
1522627200,6813.01,7125.0,6765.0,7056.0,32123.560072000007
1522713600,7063.97,7520.0,7011.01,7405.21,37787.331811
1522800000,7405.21,7427.52,6707.0,6796.1,42227.183803999986
1522886400,6796.1,6902.0,6566.69,6770.76,39029.73146
1522972800,6770.0,6850.0,6500.0,6601.39,27455.01192
1523059200,6601.39,7070.0,6586.28,6895.8,32269.578267000004
1523145600,6895.81,7109.13,6880.0,7018.0,21427.673164999997
1523232000,7011.04,7185.0,6611.0,6782.72,34078.297206
1523318400,6781.55,6890.0,6656.0,6843.9,22326.728095000002
1523404800,6839.56,6990.0,6787.0,6953.79,23997.871177
1523491200,6953.78,8012.23,6743.2,7923.0,64861.59598700001
1523577600,7922.99,8233.39,7732.0,7877.41,55044.523148
1523664000,7877.48,8186.0,7810.0,7999.01,31621.286356999997
1523750400,8004.0,8429.54,7999.02,8355.0,27945.872618
1523836800,8355.07,8419.0,7867.0,8064.92,36664.069715
1523923200,8064.92,8173.7,7825.4,7885.02,32152.603567
1524009600,7890.96,8236.43,7868.0,8173.0,26969.044569999995
1524096000,8173.99,8296.0,8080.0,8278.0,27113.847464000002
1524182400,8273.84,8930.0,8177.09,8856.98,39795.337485
1524268800,8852.12,9035.0,8565.0,8915.31,40872.22990899999
1524355200,8915.31,9020.67,8727.68,8787.02,29458.253480000003
1524441600,8785.7,8985.0,8745.0,8934.01,25838.114708999994
1524528000,8934.0,9731.01,8922.0,9619.99,46268.79010600001
1524614400,9618.96,9759.82,8730.0,8869.99,81110.03758899997
1524700800,8869.99,9307.48,8651.62,9266.0,43300.30424500001
1524787200,9267.03,9395.0,8889.0,8915.35,37241.34703599999
1524873600,8915.35,9427.48,8870.0,9348.0,34759.628419999994
1524960000,9348.0,9570.51,9163.74,9419.0,38149.85003500002
1525046400,9417.04,9458.64,9124.99,9246.01,35002.033874999994
1525132800,9246.01,9248.99,8800.49,9071.48,41018.46363299999
1525219200,9071.48,9268.0,8970.2,9247.84,26123.543961000003
1525305600,9247.81,9844.0,9168.4,9750.0,38768.38828800001
1525392000,9750.0,9830.04,9520.85,9713.99,28681.588878999995
1525478400,9714.0,10020.0,9682.0,9864.0,24990.018345
1525564800,9863.99,9970.0,9417.03,9659.01,27690.351559000002
1525651200,9661.02,9689.67,9181.0,9365.0,33787.640012
1525737600,9365.0,9475.7,9060.54,9187.56,25533.83188900001
1525824000,9178.0,9390.0,8965.0,9310.0,25673.524899
1525910400,9310.0,9395.12,8970.0,9002.2,25055.063718
1525996800,9002.21,9016.8,8341.0,8400.0,48227.04806099999
1526083200,8405.94,8646.88,8153.0,8465.94,40241.320810000005
1526169600,8475.44,8763.36,8298.0,8679.71,25632.869361999994
1526256000,8679.71,8879.99,8277.0,8663.34,37389.666533
1526342400,8663.37,8859.99,8401.3,8462.0,28126.956136000004
1526428800,8462.0,8488.0,8083.01,8330.0,31130.224980000003
1526515200,8330.0,8464.0,7979.0,8041.46,25439.844799
1526601600,8038.82,8273.21,7911.9,8239.81,23476.158250999997
1526688000,8238.01,8390.8,8095.73,8233.49,17193.424275999994
1526774400,8233.49,8609.0,8163.9,8526.98,19957.057108999998
1526860800,8526.97,8595.31,8305.0,8381.24,21516.596485999995
1526947200,8386.89,8400.18,7935.11,7977.11,23710.902858000005
1527033600,7977.12,8031.9,7425.0,7501.95,42908.69267299999
1527120000,7501.95,7730.73,7266.99,7575.01,37845.446595
1527206400,7578.99,7649.55,7308.15,7457.0,26739.956639999997
1527292800,7456.99,7620.0,7300.0,7333.96,19464.086071
1527379200,7334.0,7400.0,7231.11,7338.99,18706.945515
1527465600,7338.99,7437.0,7058.02,7099.0,27219.438962999997
1527552000,7099.0,7540.0,7032.95,7461.29,39406.83952
1527638400,7467.98,7569.0,7260.5,7375.96,32041.583623000002
1527724800,7382.07,7699.0,7327.51,7485.01,30776.063102
1527811200,7485.01,7608.55,7355.54,7521.01,28258.863851000006
1527897600,7521.01,7697.33,7437.0,7640.03,26720.690219
1527984000,7636.81,7786.69,7600.0,7714.26,27505.15895100001
1528070400,7714.26,7760.52,7446.5,7487.0,32258.83511500001
1528156800,7487.0,7679.49,7358.0,7625.0,31722.492977999995
1528243200,7626.64,7699.0,7467.05,7658.84,27229.991897999993
1528329600,7658.79,7765.0,7620.0,7691.08,25062.227202000005
1528416000,7691.08,7703.5,7531.0,7603.44,23396.804671
1528502400,7603.44,7683.98,7450.0,7491.73,19339.885176
1528588800,7491.73,7491.73,6622.81,6764.99,52342.02003199999
1528675200,6765.0,6922.0,6610.0,6872.0,34552.16230299999
1528761600,6872.0,6890.51,6435.0,6530.0,36722.211190999995
1528848000,6530.0,6627.6,6118.68,6292.78,46185.5181
1528934400,6292.78,6720.0,6260.0,6635.98,44478.130837000004
1529020800,6638.67,6666.66,6362.31,6388.9,30018.329905000002
1529107200,6380.01,6560.0,6320.86,6483.98,22277.241146999997
1529193600,6482.5,6589.03,6422.0,6449.61,19847.247688
1529280000,6444.06,6794.38,6380.0,6712.46,31821.434994999996
1529366400,6711.39,6841.74,6653.0,6741.21,24311.421143000003
1529452800,6740.0,6817.23,6551.81,6761.51,26353.272094
1529539200,6763.21,6795.0,6672.57,6718.84,25428.854047999994
1529625600,6717.69,6733.97,5918.94,6045.0,52157.370833
1529712000,6045.92,6260.0,6008.48,6149.98,26622.788588999992
1529798400,6149.98,6259.8,5750.0,6136.97,47445.998955
1529884800,6137.95,6350.0,6061.97,6252.0,39164.515306
1529971200,6252.0,6272.54,6035.0,6070.78,19377.105182
1530057600,6065.89,6190.43,5971.0,6133.73,19225.671097999995
1530144000,6134.73,6173.01,5827.0,5853.98,30585.266026
1530230400,5851.01,6300.0,5780.0,6197.92,33911.287278
1530316800,6197.92,6528.99,6186.03,6390.07,37919.61284000001
1530403200,6391.08,6441.06,6251.0,6356.81,27562.965974000002
1530489600,6360.82,6685.0,6271.62,6615.29,36230.45226399999
1530576000,6615.29,6679.35,6463.01,6513.86,38657.781691000004
1530662400,6511.01,6784.92,6441.11,6586.98,23571.892777
1530748800,6585.53,6712.0,6453.33,6529.2,35071.972897999985
1530835200,6529.2,6648.54,6425.0,6609.78,29397.094748000003
1530921600,6609.79,6818.16,6508.88,6756.98,23973.876886
1531008000,6753.48,6780.0,6667.44,6712.1,24622.947793999992
1531094400,6712.1,6802.06,6612.24,6662.12,26732.406550000003
1531180800,6662.78,6681.0,6263.0,6296.91,38560.672701999996
1531267200,6296.91,6406.0,6278.99,6378.07,28715.498487
1531353600,6378.07,6380.28,6070.0,6250.57,31306.663348
1531440000,6251.4,6350.0,6110.0,6214.57,26375.325286000003
1531526400,6214.57,6335.0,6178.0,6251.99,17783.071998999996
1531612800,6250.9,6395.0,6225.4,6353.01,22979.211508
1531699200,6354.15,6747.3,6330.4,6723.35,36204.87708
1531785600,6723.33,7468.99,6652.04,7317.44,52105.42345899999
1531872000,7317.44,7588.08,7225.38,7381.9,59487.64344999999
1531958400,7381.88,7576.28,7270.0,7466.21,41218.256437000004
1532044800,7468.86,7700.0,7273.0,7337.53,46140.31344699999
1532131200,7337.47,7458.47,7211.0,7398.78,28886.490291
1532217600,7399.25,7582.4,7335.5,7394.79,30270.21844
1532304000,7394.78,7833.0,7375.0,7721.01,41646.346671
1532390400,7721.65,8486.0,7696.0,8397.24,60121.16374899999
1532476800,8397.24,8491.77,8050.0,8175.64,48257.64912400001
1532563200,8175.63,8315.69,7850.06,7920.0,43223.481682000005
1532649600,7920.0,8285.0,7805.0,8188.57,43671.00589099999
1532736000,8188.57,8246.54,8067.0,8225.04,26215.173838999995
1532822400,8225.04,8294.51,8115.0,8211.0,25531.226184999996
1532908800,8210.99,8273.0,7866.0,8173.92,39692.416542
1532995200,8171.4,8180.0,7633.0,7730.93,48296.91558700001
1533081600,7735.67,7750.0,7430.0,7604.58,42582.31293199999
1533168000,7600.08,7709.46,7455.72,7525.71,37665.696684
1533254400,7525.71,7540.0,7282.44,7418.78,44669.48604699999
1533340800,7412.27,7494.81,6926.0,7009.84,36288.42601
1533427200,7009.84,7089.87,6882.29,7024.19,32894.849782
1533513600,7024.19,7160.0,6821.0,6934.82,32760.191643000006
1533600000,6935.0,7150.46,6670.0,6720.06,45438.47350100001
1533686400,6720.63,6721.54,6123.0,6285.0,59550.536319
1533772800,6283.27,6622.81,6178.6,6529.79,51941.18511100001
1533859200,6529.79,6575.88,6026.39,6144.01,59034.974902
1533945600,6148.13,6488.0,5971.0,6232.35,47133.418555
1534032000,6222.55,6472.3,6130.0,6308.33,38567.770712
1534118400,6308.56,6545.0,6145.04,6246.35,53895.828783
1534204800,6248.25,6250.33,5880.0,6188.08,50186.745091
1534291200,6188.08,6609.0,6172.11,6267.16,68806.68702599999
1534377600,6265.27,6480.0,6205.6,6311.75,48515.254618
1534464000,6316.0,6585.0,6285.4,6584.49,57851.610803
1534550400,6579.04,6620.0,6288.0,6387.96,53742.322172
1534636800,6387.96,6541.0,6300.0,6477.53,45190.847993999996
1534723200,6477.53,6530.0,6220.0,6254.84,49435.55526000001
1534809600,6251.0,6500.0,6235.08,6480.0,41569.94740800001
1534896000,6479.98,6882.54,6251.2,6360.89,77909.39135899999
1534982400,6362.57,6576.99,6342.28,6525.01,40358.16682499999
1535068800,6525.0,6725.0,6440.5,6681.64,38305.675322
1535155200,6686.98,6789.0,6650.61,6733.64,19220.50592900001
1535241600,6733.64,6775.27,6568.0,6700.0,20107.297208
1535328000,6700.0,6940.51,6646.5,6908.64,37747.078747
1535414400,6907.26,7135.0,6860.0,7076.11,48352.917163000006
1535500800,7077.0,7133.81,6912.34,7031.22,43252.487392
1535587200,7033.21,7063.63,6784.81,6984.84,44716.77461999999
1535673600,6984.84,7089.0,6888.0,7011.21,40467.40063800001
1535760000,7011.21,7275.0,7008.74,7200.01,40323.41409299999
1535846400,7201.57,7345.45,7127.0,7302.01,39814.840352
1535932800,7302.0,7338.28,7191.63,7263.02,32396.018371
1536019200,7263.0,7410.0,7227.17,7359.06,35300.640518
1536105600,7359.05,7397.3,6682.0,6700.0,63635.61563
1536192000,6697.27,6725.0,6265.0,6516.01,60644.464227000004
1536278400,6516.84,6544.0,6320.0,6395.54,38906.28805
1536364800,6395.54,6478.0,6111.0,6185.05,38215.032171000006
1536451200,6185.06,6441.0,6141.53,6250.81,37053.923819999996
1536537600,6252.26,6373.98,6221.0,6312.0,32439.456432000006
1536624000,6311.99,6404.0,6169.68,6294.91,33104.88859
1536710400,6293.0,6360.0,6192.37,6338.62,31433.645938999998
1536796800,6338.62,6535.0,6337.4,6487.38,40465.06310699999
1536883200,6487.39,6584.99,6385.62,6476.63,37173.339277
1536969600,6476.63,6565.45,6466.13,6514.96,25243.656612
1537056000,6514.96,6524.62,6370.0,6505.0,27568.132897000003
1537142400,6500.08,6533.84,6201.0,6248.69,35987.254737999996
1537228800,6248.69,6390.0,6224.98,6336.45,32620.866669999996
1537315200,6336.39,6517.7,6123.0,6391.89,39044.080082
1537401600,6392.0,6540.0,6325.0,6492.0,25189.024727999997
1537488000,6492.0,6784.86,6491.0,6759.02,51779.343463000005
1537574400,6759.01,6839.03,6627.0,6723.05,29349.690667000003
1537660800,6723.05,6788.23,6661.75,6708.0,30286.229773
1537747200,6706.81,6730.0,6557.0,6581.39,35305.73991
1537833600,6581.42,6584.01,6325.02,6447.54,40301.02945200001
1537920000,6445.11,6557.99,6379.7,6465.12,33484.542069999996
1538006400,6467.84,6750.0,6434.0,6689.13,33087.428297000006
1538092800,6689.12,6814.8,6540.88,6634.58,42399.44852299999
1538179200,6634.58,6636.0,6464.57,6596.38,30255.959700000003
1538265600,6597.66,6662.0,6533.0,6626.57,27764.724518999996
1538352000,6626.57,6667.09,6510.0,6611.61,20621.506894000002
1538438400,6610.0,6640.0,6494.0,6525.79,28245.810087999995
1538524800,6525.79,6549.0,6430.0,6510.0,28451.969138
1538611200,6510.01,6643.46,6505.09,6593.79,20074.300818
1538697600,6591.69,6697.0,6543.08,6635.65,16096.552391999998
1538784000,6635.65,6651.0,6566.77,6594.27,10939.505391000002
1538870400,6596.44,6640.0,6525.0,6615.26,17406.831761999998
1538956800,6615.26,6715.6,6587.0,6673.01,23123.419541
1539043200,6673.01,6685.38,6607.0,6656.61,15354.779469
1539129600,6656.67,6659.95,6530.0,6631.0,15390.661444
1539216000,6630.21,6633.92,6205.0,6252.68,48706.634966000005
1539302400,6252.71,6360.0,6209.0,6298.01,29004.071418999996
1539388800,6298.0,6345.0,6285.07,6332.93,19098.070025
1539475200,6332.92,6416.0,6308.0,6339.34,15627.411313999999
1539561600,6339.34,7680.0,6300.0,6752.5,90748.031246
1539648000,6752.5,6900.0,6670.0,6759.27,27557.957764000002
1539734400,6762.76,6811.12,6676.01,6740.89,26641.431379
1539820800,6739.01,6796.0,6567.0,6618.96,20116.521941000003
1539907200,6618.96,6648.14,6523.0,6528.88,20771.332535
1539993600,6528.88,6617.65,6505.55,6588.4,19240.722247
1540080000,6585.72,6663.9,6580.0,6590.11,6515.357792000002
1540166400,6590.12,6639.0,6535.27,6581.2,16213.692659999999
1540252800,6581.2,6595.0,6515.45,6553.51,13856.601755999998
1540339200,6553.51,6630.0,6547.53,6565.5,11951.543977
1540425600,6566.81,6575.09,6502.8,6528.09,10342.701244000003
1540512000,6528.13,6600.0,6515.01,6538.63,9443.504156
1540598400,6538.63,6558.35,6463.04,6505.6,7776.907863999999
1540684800,6505.6,6514.17,6453.0,6489.93,5743.933728000002
1540771200,6489.93,6505.01,6315.0,6344.5,13827.224067000001
1540857600,6344.5,6395.0,6317.01,6330.87,8877.175385
1540944000,6330.01,6428.0,6245.02,6371.93,12148.888216000001
1541030400,6369.52,6442.65,6348.66,6410.0,9099.035840999999
1541116800,6410.0,6460.34,6388.2,6433.98,9739.440679
1541203200,6432.8,6439.97,6345.0,6387.09,7661.241475999999
1541289600,6388.0,6525.0,6359.0,6485.08,9092.465097999997
1541376000,6485.85,6504.39,6431.02,6468.99,8987.882156000003
1541462400,6468.99,6531.31,6445.18,6519.11,11926.565699
1541548800,6522.73,6615.15,6509.0,6578.46,14271.591116999998
1541635200,6578.46,6594.0,6468.22,6479.84,13259.789282
1541721600,6479.84,6511.53,6391.01,6419.99,11787.616582999997
1541808000,6419.99,6475.55,6411.0,6433.05,7714.8299259999985
1541894400,6435.16,6462.14,6355.0,6449.81,8213.507117
1541980800,6450.71,6497.0,6421.0,6453.07,10132.782567
1542067200,6451.68,6498.0,6391.15,6457.66,11790.564933
1542153600,6458.98,6482.84,5656.87,5922.41,46478.96400300001
1542240000,5917.2,5939.54,5403.42,5753.4,47700.82940100002
1542326400,5757.09,5782.89,5549.25,5655.94,38721.802273999994
1542412800,5650.57,5656.6,5565.43,5628.29,26411.241412999996
1542499200,5630.49,5738.17,5617.0,5662.0,23844.99934699999
1542585600,5661.94,5664.0,4855.0,4910.03,70580.89285599999
1542672000,4913.4,5048.24,4326.0,4558.86,117380.95158999998
1542758400,4559.91,4787.2,4413.85,4661.07,61071.829475
1542844800,4661.08,4721.77,4335.0,4370.0,34531.119143
1542931200,4370.9,4484.0,4222.94,4420.61,49371.920322
1543017600,4415.63,4527.0,3824.69,3932.44,61693.11100600001
1543104000,3933.68,4233.0,3652.66,4085.78,101693.97558800002
1543190400,4088.69,4206.0,3701.0,3862.2,94503.75076699998
1543276800,3864.45,3940.0,3689.12,3875.21,67480.607212
1543363200,3875.63,4394.47,3874.27,4264.85,92019.03105900003
1543449600,4262.06,4450.38,4125.65,4295.84,73967.980834
1543536000,4295.72,4341.36,3943.0,4041.32,67747.924442
1543622400,4041.27,4299.99,3963.01,4190.02,44829.523385000015
1543708800,4190.98,4312.99,4103.04,4161.01,38911.449688
1543795200,4160.55,4179.0,3827.0,3884.01,49094.100974999994
1543881600,3884.76,4085.0,3781.0,3951.64,48477.626775
1543968000,3950.98,3970.0,3745.0,3769.84,44002.879884
1544054400,3768.44,3899.99,3500.0,3508.75,68378.533615
1544140800,3508.75,3549.99,3224.6,3403.55,94967.342104
1544227200,3403.57,3495.0,3222.0,3410.93,55362.12697999999
1544313600,3411.36,3658.0,3394.04,3545.37,45956.86015400001
1544400000,3548.49,3610.0,3370.11,3432.88,40979.779801
1544486400,3434.01,3480.0,3324.32,3380.39,35920.81480100001
1544572800,3379.23,3492.0,3350.0,3445.0,33922.497717
1544659200,3446.38,3460.0,3255.5,3302.06,40036.43340700001
1544745600,3302.06,3335.39,3177.0,3224.17,44485.660625
1544832000,3225.19,3276.5,3156.26,3211.72,29794.903128000005
1544918400,3211.71,3294.0,3186.0,3228.67,24559.081629000004
1545004800,3229.22,3585.0,3216.0,3509.08,66761.751697
1545091200,3509.03,3678.59,3424.47,3652.98,61338.467371000006
1545177600,3653.0,3912.73,3622.55,3662.22,93962.05940099999
1545264000,3660.01,4120.0,3635.0,4049.62,101376.928856
1545350400,4051.86,4139.99,3764.0,3838.66,82271.15161
1545436800,3840.25,3979.0,3785.0,3948.91,42814.883496
1545523200,3948.91,4021.53,3870.0,3929.71,40101.974171999995
1545609600,3929.71,4198.0,3924.83,4008.01,64647.752745
1545696000,4010.11,4020.0,3646.41,3745.79,62665.194391000005
1545782400,3745.56,3837.15,3656.74,3777.74,42600.31402
1545868800,3777.74,3813.98,3535.0,3567.91,44076.146445
1545955200,3567.89,3887.25,3540.04,3839.26,45957.105741
1546041600,3839.0,3892.0,3670.0,3695.32,38873.549630999994
1546128000,3696.71,3903.5,3657.9,3801.91,33221.673927
1546214400,3803.12,3810.0,3630.33,3702.9,29969.706422999992
1546300800,3701.23,3810.16,3642.0,3797.14,23741.484284000002
1546387200,3796.45,3882.14,3750.45,3858.56,35122.095349999996
1546473600,3857.57,3862.74,3730.0,3766.78,29383.137967000002
1546560000,3767.2,3823.64,3703.57,3792.01,29505.351026
1546646400,3790.09,3840.99,3751.0,3770.96,30442.209752
1546732800,3771.12,4027.71,3740.0,3987.6,36416.759314999996
1546819200,3987.62,4017.9,3921.53,3975.45,31869.761354000002
1546905600,3976.76,4069.8,3903.0,3955.13,38897.989627
1546992000,3955.45,4006.81,3930.04,3966.65,28931.009566
1547078400,3966.06,3996.01,3540.0,3585.88,59401.63016800002
1547164800,3585.88,3658.0,3465.0,3601.31,38337.907783
1547251200,3601.31,3618.19,3530.0,3583.13,21988.919570000005
1547337600,3584.1,3611.1,3441.3,3476.81,26385.490535999998
1547424000,3477.56,3671.87,3467.02,3626.09,35235.139297
1547510400,3626.08,3648.42,3516.62,3553.06,34131.976646
1547596800,3553.06,3645.0,3543.51,3591.84,27480.024152999995
1547683200,3591.84,3634.7,3530.39,3616.21,29751.531273999997
1547769600,3613.32,3620.0,3565.75,3594.87,22689.524895
1547856000,3594.87,3720.0,3594.23,3665.3,22161.434457
1547942400,3665.75,3693.73,3475.0,3539.28,27901.350245
1548028800,3539.26,3559.51,3475.5,3526.9,19638.700868
1548115200,3526.88,3608.5,3434.85,3570.93,29316.981891999996
1548201600,3570.41,3607.98,3514.5,3552.82,24929.642111000005
1548288000,3552.97,3589.0,3529.22,3569.62,20822.217737
1548374400,3569.07,3587.15,3522.51,3565.29,17606.096207000002
1548460800,3566.69,3662.94,3545.0,3565.25,19474.931854000006
1548547200,3565.62,3579.0,3486.0,3550.84,22722.999662000006
1548633600,3550.05,3557.75,3380.27,3434.15,40392.274468
1548720000,3434.0,3443.45,3349.92,3411.04,29543.665891999997
1548806400,3410.04,3478.0,3387.1,3458.18,23968.086623999996
1548892800,3457.5,3489.2,3418.8,3434.1,29607.043056000006
1548979200,3434.1,3488.0,3401.2,3462.07,25260.353447999994
1549065600,3462.2,3526.4,3440.29,3504.77,17915.636706
1549152000,3504.06,3511.09,3426.0,3458.11,19867.336389999997
1549238400,3458.11,3484.88,3433.31,3463.22,23131.045928999996
1549324800,3463.22,3478.97,3448.43,3471.59,25263.515585
1549411200,3471.57,3482.72,3380.0,3405.37,35307.778852999996
1549497600,3407.0,3426.45,3390.0,3398.4,18664.715224999996
1549584000,3398.4,3733.58,3373.1,3659.04,47967.602353
1549670400,3660.27,3680.02,3625.13,3665.18,24755.337446999998
1549756800,3665.18,3684.99,3609.76,3680.06,23250.143047000005
1549843200,3679.75,3684.9,3615.53,3631.05,24943.880750999993
1549929600,3631.05,3667.6,3582.34,3631.46,29478.401377
1550016000,3631.51,3670.0,3591.75,3609.4,25724.920875000003
1550102400,3608.34,3626.4,3568.11,3590.56,21735.498604000008
1550188800,3590.57,3653.23,3573.45,3602.47,20777.738264999996
1550275200,3602.49,3648.2,3597.91,3618.41,19565.992750999994
1550361600,3617.22,3700.11,3604.4,3667.58,25689.999674
1550448000,3667.62,3925.0,3655.0,3898.6,64029.810193
1550534400,3897.35,3994.52,3856.0,3907.79,50189.07864800001
1550620800,3907.35,3986.98,3870.66,3969.74,36202.096613999995
1550707200,3969.74,4016.48,3901.03,3937.31,31103.884547999998
1550793600,3937.31,3988.0,3926.65,3962.0,23936.623108999996
1550880000,3962.0,4162.02,3933.15,4117.76,33653.521597
1550966400,4118.0,4198.0,3712.66,3743.56,62224.055017000006
1551052800,3743.56,3872.66,3740.0,3827.92,38099.575735
1551139200,3828.44,3841.51,3777.0,3809.23,28837.996315000004
1551225600,3809.31,3838.85,3677.17,3818.07,31493.708160000002
1551312000,3818.04,3888.0,3763.87,3813.69,32558.765674
1551398400,3814.26,3857.0,3813.01,3823.0,23174.368024999996
1551484800,3822.17,3841.31,3772.25,3819.93,19445.579673999993
1551571200,3819.97,3835.0,3781.32,3807.75,16718.150024000002
1551657600,3807.32,3830.0,3670.69,3715.3,34741.306951000006
1551744000,3716.1,3877.1,3703.55,3857.73,32962.164897999995
1551830400,3857.58,3907.0,3813.09,3861.84,24774.464534
1551916800,3861.84,3905.4,3840.4,3873.64,26455.179178
1552003200,3873.63,3932.0,3800.0,3864.89,34729.825586
1552089600,3864.88,3971.75,3854.75,3943.04,30979.211672000005
1552176000,3943.43,3943.43,3881.69,3916.82,23183.771233
1552262400,3915.99,3936.98,3830.0,3871.61,38015.021307
1552348800,3871.61,3905.2,3826.06,3882.73,26919.034796
1552435200,3882.69,3893.56,3840.0,3866.0,24459.967727
1552521600,3866.0,3920.0,3810.43,3877.12,27048.492587999997
1552608000,3877.12,3939.22,3872.2,3923.76,21740.006688999998
1552694400,3924.46,4056.98,3921.98,4005.98,28567.267904
1552780800,4005.98,4012.0,3950.01,3981.14,18814.255577000007
1552867200,3981.85,4037.0,3953.33,3987.81,22454.47801
1552953600,3987.83,4031.0,3970.0,4015.53,19893.403126000005
1553040000,4017.48,4050.0,3980.5,4043.04,23432.300255000002
1553126400,4043.04,4069.32,3880.01,3980.64,35989.980356
1553212800,3980.85,4008.0,3968.25,3986.93,19859.695706999995
1553299200,3987.89,4018.83,3978.01,4006.01,17118.777399000002
1553385600,4006.01,4006.02,3950.0,3992.18,17179.850648000003
1553472000,3991.35,3999.3,3888.71,3936.12,33191.019223
1553558400,3935.47,3958.98,3894.0,3948.55,29349.446634
1553644800,3948.77,4048.0,3936.15,4038.05,32355.210516000006
1553731200,4039.58,4039.7,4002.0,4027.81,20089.239256999994
1553817600,4028.22,4123.71,4024.03,4103.25,30083.31202999999
1553904000,4104.24,4140.0,4052.0,4106.97,19509.092063
1553990400,4106.99,4116.12,4082.57,4103.95,13521.677973
1554076800,4102.44,4158.7,4067.0,4144.56,25506.575563
1554163200,4144.54,4897.99,4140.54,4857.29,105367.31863200001
1554249600,4857.19,5275.01,4753.5,4932.6,109782.536297
1554336000,4932.59,5039.08,4777.0,4898.66,60522.515330999995
1554422400,4898.64,5028.22,4880.62,5004.95,38964.448886
1554508800,5004.96,5205.0,4928.59,5043.89,41501.28082400001
1554595200,5042.07,5234.0,5026.0,5170.27,37460.507121
1554681600,5170.27,5305.0,5039.0,5236.9,50127.052488999994
1554768000,5238.38,5238.4,5076.68,5150.0,34029.151946
1554854400,5150.0,5422.0,5135.0,5308.25,40068.585983
1554940800,5307.86,5332.67,4927.0,5017.37,54691.503623000004
1555027200,5017.37,5080.58,4861.22,5048.01,33276.50086999999
1555113600,5047.0,5099.0,5004.0,5045.22,17291.014520000004
1555200000,5047.45,5152.99,5000.0,5131.3,18280.876779
1555286400,5131.28,5167.38,4950.0,5024.95,28781.401201
1555372800,5024.95,5197.72,5003.94,5173.72,24061.412244
1555459200,5173.72,5230.4,5146.8,5202.82,23148.806904999998
1555545600,5202.41,5287.0,5198.8,5258.44,22392.8169
1555632000,5258.44,5320.0,5175.0,5258.68,24401.497143
1555718400,5258.68,5333.42,5230.1,5291.73,19031.613922
1555804800,5292.91,5314.35,5165.0,5256.14,25327.931285000006
1555891200,5257.41,5400.0,5208.35,5357.14,29490.718631
1555977600,5357.14,5600.0,5332.41,5493.31,41003.11627500001
1556064000,5490.91,5582.2,5333.35,5415.0,47704.829579000005
1556150400,5415.0,5491.84,5102.0,5219.9,49606.797513000005
1556236800,5220.47,5510.0,5161.62,5314.1,48910.634754
1556323200,5315.0,5342.5,5257.67,5295.69,15421.728411999999
1556409600,5295.69,5340.0,5259.48,5307.52,14371.285654000001
1556496000,5309.81,5332.0,5178.8,5238.14,19915.875351
1556582400,5238.14,5339.98,5192.15,5320.81,22237.101941000008
1556668800,5321.94,5402.0,5316.2,5383.2,17210.245210999998
1556755200,5383.2,5538.0,5370.0,5492.87,22730.755309999997
1556841600,5494.81,5844.0,5477.57,5772.69,46197.559664999986
1556928000,5770.62,5900.0,5587.45,5829.45,39604.644701
1557014400,5829.83,5839.9,5696.0,5775.62,23822.299627999997
1557100800,5773.18,5805.0,5619.14,5747.79,25256.164972
1557187200,5749.92,6028.41,5747.74,5846.34,39896.04558200001
1557273600,5846.34,6014.72,5772.2,5987.29,22992.917121000006
1557360000,5986.66,6224.55,5983.71,6209.18,27434.767402000005
1557446400,6209.95,6468.92,6172.0,6373.33,36604.952416
1557532800,6375.16,7343.99,6372.85,7076.22,74016.93715900001
1557619200,7076.24,7521.78,6750.0,6967.31,86909.983664
1557705600,6968.24,8100.0,6870.0,7790.71,85638.154596
1557792000,7795.62,8366.0,7599.56,7947.56,76019.36670500001
1557878400,7945.26,8249.0,7850.0,8169.87,37492.335676999995
1557964800,8169.08,8320.0,7705.0,7866.59,69255.462431
1558051200,7868.67,7925.0,6913.0,7355.26,88683.749984
1558137600,7355.28,7458.0,7156.61,7257.45,37020.119504999995
1558224000,7257.32,8275.09,7243.08,8148.48,65566.509389
1558310400,8147.94,8156.03,7553.0,7938.15,65856.004281
1558396800,7937.16,8042.32,7771.0,7904.87,52293.74957000002
1558483200,7904.48,8016.0,7465.0,7628.43,49123.653193
1558569600,7627.8,7940.98,7461.0,7851.51,49643.295430000006
1558656000,7849.95,8130.0,7766.0,7964.87,46653.494044
1558742400,7964.52,8091.8,7908.34,8025.41,28413.138239
1558828800,8023.0,8740.0,7833.42,8614.43,49645.306848
1558915200,8612.54,8908.32,8589.0,8756.32,51873.86412
1559001600,8752.52,8798.49,8510.63,8715.64,31462.174725999994
1559088000,8716.87,8750.0,8406.6,8645.68,33748.85229299999
1559174400,8646.5,9074.26,8005.0,8269.54,70378.845831
1559260800,8267.1,8594.0,8108.5,8555.0,44726.080003999996
1559347200,8555.0,8626.0,8442.36,8544.07,31867.238114
1559433600,8545.1,8814.78,8524.0,8725.98,27834.988385
1559520000,8726.0,8800.95,8080.8,8115.82,45687.286341
1559606400,8115.66,8115.66,7481.02,7687.03,73973.75542499997
1559692800,7687.04,7896.7,7572.78,7776.5,48515.69904200001
1559779200,7778.08,7868.13,7444.58,7786.7,36322.930950999995
1559865600,7787.57,8100.0,7737.49,7980.53,33455.606405
1559952000,7978.94,8044.65,7751.0,7893.62,22467.304575
1560038400,7895.28,7935.0,7506.66,7628.13,31303.596562000006
1560124800,7627.57,8020.0,7511.0,7982.75,36598.484143
1560211200,7981.0,8010.0,7692.23,7884.9,30118.741728000005
1560297600,7884.9,8200.0,7788.99,8127.64,41537.10270199999
1560384000,8127.64,8309.82,8010.03,8218.54,30467.200121
1560470400,8216.44,8684.41,8144.32,8650.0,39830.273035000006
1560556800,8650.88,8864.99,8567.63,8808.7,31790.653281
1560643200,8810.77,9333.0,8760.0,8953.33,63288.781471
1560729600,8953.0,9444.0,8950.0,9313.96,47891.395258
1560816000,9312.13,9336.36,8950.0,9081.55,51491.902854
1560902400,9081.97,9304.0,8960.0,9255.49,32146.749647
1560988800,9253.76,9590.0,9175.2,9517.12,34551.989183
1561075200,9518.06,10174.99,9518.06,10159.86,50472.893
1561161600,10159.86,11160.0,9921.72,10729.5,104158.501304
1561248000,10729.0,11392.64,10555.18,10906.07,57444.00542
1561334400,10905.95,11143.63,10620.8,11056.59,43100.960869999995
1561420800,11056.59,11850.0,11026.0,11820.86,61274.275798999995
1561507200,11821.28,13970.0,11741.0,13093.8,155862.244608
1561593600,13098.38,13478.04,10525.1,11329.99,173872.121389
1561680000,11329.99,12480.0,10982.88,12400.63,95785.28491199999
1561766400,12407.06,12441.54,11475.02,11903.13,69641.40355899998
1561852800,11903.13,12180.0,10766.03,10854.1,84511.603301
1561939200,10854.1,11282.28,10030.0,10624.93,90961.09429400001
1562025600,10624.9,10938.75,9727.0,10842.85,109552.801175
1562112000,10844.98,11991.89,10841.04,11940.0,96815.898138
1562198400,11940.0,12000.0,11055.0,11145.67,66501.39539599999
1562284800,11145.67,11406.83,10796.44,10970.73,63523.937724999996
1562371200,10982.41,11665.0,10964.51,11256.49,51469.455049
1562457600,11256.45,11538.0,11094.37,11406.24,38883.961251999994
1562544000,11410.0,12338.03,11220.0,12238.6,52171.141040999995
1562630400,12238.6,12794.73,12068.0,12543.41,78441.72446600001
1562716800,12548.51,13147.08,11569.0,12108.37,109244.47654599999
1562803200,12108.11,12111.73,11000.0,11342.89,87505.99839000001
1562889600,11342.88,11885.0,11073.0,11757.22,56321.174009
1562976000,11757.22,11799.98,10830.0,11355.76,54245.594547999994
1563062400,11355.78,11452.0,10103.0,10174.18,72483.187175
1563148800,10174.18,11100.0,9860.0,10838.72,81921.49664599999
1563235200,10833.78,11028.0,9350.01,9439.59,97142.92989399999
1563321600,9430.17,9957.0,9060.0,9667.92,84908.268446
1563408000,9668.86,10788.0,9252.0,10627.16,79224.90487
1563494400,10628.64,10769.71,10121.84,10504.29,56295.248646999986
1563580800,10505.78,11068.99,10350.0,10740.23,47044.527
1563667200,10740.27,10817.9,10288.0,10589.45,38646.402993
1563753600,10590.15,10683.16,10100.0,10340.31,40205.00270899999
1563840000,10343.08,10343.97,9822.0,9864.91,47218.50484100001
1563926400,9864.78,9937.0,9525.0,9763.28,43240.637405999994
1564012800,9763.4,10175.0,9720.03,9879.87,37527.32141299999
1564099200,9882.15,9889.98,9637.0,9824.0,26752.668923000005
1564185600,9824.0,10188.66,9333.0,9476.52,43436.39424500001
1564272000,9478.92,9594.99,9165.0,9541.54,29272.3287
1564358400,9541.54,9729.0,9395.0,9507.64,28674.411386000003
1564444800,9509.07,9714.28,9402.0,9574.21,32408.09968899999
1564531200,9575.0,10109.8,9555.0,10080.53,39201.374702999994
1564617600,10080.53,10467.86,9881.85,10374.99,40195.126114
1564704000,10375.0,10670.0,10281.35,10523.75,42722.60085800002
1564790400,10523.75,10904.77,10497.93,10816.86,33619.29635
1564876800,10816.86,11040.0,10552.0,10929.23,39476.584480000005
1564963200,10929.99,11937.52,10927.8,11828.8,64817.066811000004
1565049600,11830.0,12330.7,11226.7,11481.69,76101.61967500001
1565136000,11481.69,12141.17,11382.84,11975.03,68883.141848
1565222400,11975.04,12060.0,11521.0,11999.77,51200.51548999998
1565308800,11994.17,12045.68,11700.0,11879.99,39425.480713
1565395200,11879.98,11985.0,11270.0,11309.31,42630.68347799999
1565481600,11309.24,11600.0,11112.11,11549.97,26761.713235000003
1565568000,11539.08,11577.89,11235.32,11396.08,17566.440947999996
1565654400,11398.35,11456.16,10788.45,10892.71,33233.40911
1565740800,10893.36,10897.48,9928.1,10050.37,54450.691891
1565827200,10055.16,10460.0,9911.0,10293.93,38173.31579999999
1565913600,10296.77,10536.03,9750.0,10331.54,51742.817870000006
1566000000,10331.15,10465.14,10000.0,10216.02,29000.483497999998
1566086400,10216.05,10500.0,10080.0,10306.78,24077.815271
1566172800,10306.17,10930.0,10258.6,10915.54,37240.029521000004
1566259200,10914.73,10949.96,10560.0,10760.51,32292.629426000007
1566345600,10760.51,10804.13,9858.0,10142.57,47349.084345999996
1566432000,10140.82,10242.0,9762.0,10099.88,34033.942914
1566518400,10099.9,10445.0,10019.79,10389.55,27550.191287
1566604800,10388.16,10419.42,9890.0,10134.35,27691.828217000002
1566691200,10134.61,10333.0,9906.97,10142.69,26266.003278999997
1566777600,10142.69,10604.0,10137.93,10372.25,41687.199127
1566864000,10373.6,10391.08,10051.08,10185.05,28396.245462
1566950400,10185.69,10299.0,9601.01,9721.0,42110.03752800001
1567036800,9721.0,9724.0,9320.0,9498.44,35524.776313
1567123200,9499.01,9696.0,9350.41,9584.54,26834.314601
1567209600,9582.76,9684.51,9420.75,9587.47,17129.923743000003
1567296000,9588.74,9830.0,9520.0,9724.98,19544.659550000004
1567382400,9723.59,10450.0,9712.5,10340.0,44739.171189
1567468800,10340.0,10773.0,10272.0,10615.28,47989.31116700001
1567555200,10611.85,10799.0,10369.89,10567.02,43939.588192
1567641600,10565.92,10900.0,10450.0,10564.49,33969.934361
1567728000,10563.13,10905.87,10150.0,10298.73,58667.568159
1567814400,10298.71,10558.0,10288.57,10455.88,27635.759677
1567900800,10455.9,10592.5,10208.0,10381.18,23983.707592000002
1567987200,10381.24,10480.0,10068.5,10303.12,39828.50936699999
1568073600,10302.58,10384.99,9953.0,10098.15,28913.665641
1568160000,10098.19,10293.0,9880.0,10158.33,31952.089389999997
1568246400,10158.75,10448.81,10040.0,10415.01,34503.50688100001
1568332800,10415.01,10439.0,10153.0,10342.06,30280.339776000004
1568419200,10344.13,10419.99,10222.33,10335.02,23620.348174
1568505600,10332.81,10360.0,10252.15,10302.01,18047.447683
1568592000,10303.34,10355.0,10078.0,10251.31,28971.287297999996
1568678400,10249.68,10275.0,10128.01,10187.82,22900.17632
1568764800,10187.48,10258.02,10100.0,10156.99,24249.777931
1568851200,10156.41,10325.0,9653.0,10244.29,44825.641108
1568937600,10243.7,10281.0,10061.39,10168.59,25083.807229000002
1569024000,10167.92,10176.7,9900.0,9986.39,20544.037476999998
1569110400,9985.15,10089.0,9853.97,10028.87,22049.164675000004
1569196800,10028.05,10049.99,9615.77,9702.25,31936.665864999995
1569283200,9702.2,9794.99,7800.0,8493.14,93996.13891000001
1569369600,8497.55,8730.0,8215.64,8430.05,60780.96917800001
1569456000,8430.05,8465.99,7750.0,8063.73,67837.452982
1569542400,8063.49,8265.0,7852.15,8177.91,43882.83264700001
1569628800,8177.47,8315.0,8001.09,8198.81,34469.83027
1569715200,8199.38,8229.13,7890.0,8043.82,31541.752049000002
1569801600,8043.04,8337.26,7710.0,8289.34,55864.50740900001
1569888000,8289.97,8500.0,8173.05,8292.44,43472.05781400001
1569974400,8292.67,8373.91,8151.22,8359.94,26237.154935000006
1570060800,8360.0,8393.0,8060.0,8223.96,30445.192974999994
1570147200,8224.43,8232.41,8005.0,8137.13,26476.21818
1570233600,8137.09,8183.41,8012.98,8126.19,21907.550987
1570320000,8127.55,8153.87,7785.0,7854.25,34675.935354
1570406400,7855.3,8299.92,7762.0,8190.09,52201.400365999994
1570492800,8190.82,8325.0,8088.75,8168.39,35450.19319400001
1570579200,8170.79,8670.0,8115.0,8560.74,55034.06494699999
1570665600,8562.15,8644.0,8414.52,8558.03,39129.07223699999
1570752000,8557.82,8779.51,8212.38,8258.5,50341.14697099998
1570838400,8257.95,8400.0,8250.0,8300.09,21339.279713
1570924800,8301.98,8451.37,8160.0,8275.01,27839.057596000006
1571011200,8275.24,8388.85,8203.0,8348.2,29810.649969
1571097600,8346.86,8403.0,8090.0,8159.29,32767.421818999996
1571184000,8159.3,8181.16,7917.0,7991.74,34733.013038
1571270400,7995.02,8124.92,7929.03,8070.58,29656.767496000004
1571356800,8070.71,8115.0,7816.01,7947.01,31352.991193999995
1571443200,7946.89,8098.1,7866.92,7948.01,26625.645229000005
1571529600,7949.87,8297.0,7870.0,8223.35,34285.44867800001
1571616000,8223.35,8333.0,8142.03,8197.27,30447.637733999993
1571702400,8197.28,8297.99,8000.0,8020.0,34650.737211
1571788800,8020.06,8047.59,7300.0,7466.62,63840.189165
1571875200,7468.47,7503.68,7337.99,7412.41,32713.00023400001
1571961600,7412.41,8799.0,7361.0,8655.02,90731.200715
1572048000,8655.88,10370.0,8470.38,9230.0,162537.97245099995
1572134400,9230.0,9794.98,9074.34,9529.93,93827.27908899999
1572220800,9528.23,9902.1,9160.0,9205.14,80170.413153
1572307200,9204.45,9550.0,9072.0,9407.62,64158.35329600001
1572393600,9407.62,9409.84,9001.01,9154.72,55241.187623000005
1572480000,9154.02,9405.0,8913.0,9140.85,54374.228123999994
1572566400,9140.86,9279.0,9030.0,9231.61,43594.240379999996
1572652800,9231.4,9373.74,9186.21,9289.52,28923.023946
1572739200,9289.85,9362.57,9066.14,9194.71,27893.369779000008
1572825600,9196.46,9513.68,9115.84,9393.35,45885.251744999994
1572912000,9392.4,9454.95,9175.76,9308.66,45934.42909099999
1572998400,9307.73,9440.91,9250.01,9339.05,37335.378816
1573084800,9339.16,9375.0,9101.0,9216.2,39117.404685
1573171200,9214.0,9261.0,8696.0,8773.73,62102.793098
1573257600,8773.74,8880.0,8724.88,8809.41,29468.843889999996
1573344000,8809.18,9147.19,8750.0,9039.47,34421.454528
1573430400,9040.16,9072.32,8618.68,8733.27,44887.18325800001
1573516800,8733.36,8888.0,8567.6,8821.94,40365.601833999994
1573603200,8821.91,8844.99,8702.0,8777.12,26809.836296999998
1573689600,8777.54,8800.0,8582.6,8646.68,33466.922797
1573776000,8646.38,8790.0,8400.0,8471.73,46087.02852900001
1573862400,8471.62,8543.0,8400.0,8491.02,20901.945475999997
1573948800,8490.74,8635.0,8350.68,8502.4,26533.806866000003
1574035200,8502.87,8503.52,8060.0,8187.17,43017.473545
1574121600,8186.5,8218.63,8003.0,8133.64,43552.92705399998
1574208000,8133.83,8264.29,8038.4,8098.01,32465.205144
1574294400,8098.56,8134.73,7500.0,7627.74,58414.451483000004
1574380800,7627.79,7750.0,6790.0,7268.23,126582.76232699999
1574467200,7268.23,7344.48,7080.01,7311.57,50445.418274999996
1574553600,7311.1,7330.39,6861.0,6903.28,67888.10756399999
1574640000,6900.23,7377.69,6515.0,7109.57,119630.18798299998
1574726400,7109.99,7340.0,7017.48,7156.14,65720.069086
1574812800,7154.75,7655.0,6840.0,7508.52,92413.26413299999
1574899200,7507.9,7643.0,7360.0,7419.49,56923.267902
1574985600,7418.52,7850.0,7362.3,7739.68,60741.75656300001
1575072000,7740.99,7810.0,7441.0,7541.89,46987.15761000002
1575158400,7540.63,7541.85,7210.0,7390.89,60765.282473
1575244800,7391.5,7420.56,7151.1,7294.28,46327.896088
1575331200,7294.42,7400.0,7241.35,7292.71,33147.291271
1575417600,7292.71,7750.0,7067.0,7194.32,83117.55167899998
1575504000,7194.59,7485.0,7150.0,7389.0,59305.137095000006
1575590400,7389.0,7590.03,7305.0,7527.47,48188.99785700001
1575676800,7527.8,7619.62,7470.16,7488.21,31498.24518299999
1575763200,7487.31,7564.0,7374.86,7510.11,29855.479388999993
1575849600,7510.11,7650.0,7273.0,7338.64,46620.72818800001
1575936000,7338.64,7407.6,7157.1,7224.13,49723.18590899999
1576022400,7224.15,7275.5,7125.66,7210.0,30090.337908999998
1576108800,7210.0,7295.0,7080.3,7198.08,42288.546853
1576195200,7197.76,7309.05,7190.76,7258.48,27609.659902000003
1576281600,7257.37,7271.77,7012.0,7064.05,29559.081121
1576368000,7064.14,7200.3,7008.35,7118.59,26395.549332000002
1576454400,7119.6,7150.0,6836.0,6891.72,43859.275821
1576540800,6891.44,6942.21,6560.0,6623.82,53864.278659
1576627200,6623.84,7440.0,6435.0,7277.83,95544.323266
1576713600,7277.83,7380.0,7038.31,7150.3,55508.389118
1576800000,7151.31,7220.0,7079.5,7187.83,32131.644892
1576886400,7188.01,7190.58,7105.0,7132.75,19467.124683
1576972800,7131.59,7518.54,7122.47,7501.44,39136.99140499999
1577059200,7500.71,7695.38,7265.84,7317.09,68047.93235799999
1577145600,7317.3,7436.68,7157.04,7255.77,43628.57802599999
1577232000,7255.77,7271.77,7128.86,7204.63,27492.044323000002
1577318400,7205.01,7435.0,7157.12,7202.0,36258.853037999994
1577404800,7202.0,7275.86,7076.42,7254.74,33636.65359299999
1577491200,7254.77,7365.01,7238.67,7316.14,26848.564423999997
1577577600,7315.36,7528.45,7288.0,7388.24,31386.255304000006
1577664000,7388.43,7408.24,7220.0,7246.0,29559.865523999997
1577750400,7246.0,7320.0,7145.01,7195.23,25952.347121999996
1577836800,7195.24,7255.0,7175.15,7200.85,16791.634548
1577923200,7200.77,7212.5,6924.74,6965.71,31948.642023999997
1578009600,6965.49,7405.0,6871.04,7344.96,68428.060925
1578096000,7345.0,7404.0,7272.21,7354.11,29987.974976999998
1578182400,7354.19,7495.0,7318.0,7358.75,38327.699994999995
1578268800,7357.64,7795.34,7346.76,7758.0,54632.12677799999
1578355200,7758.9,8207.68,7723.71,8145.28,91167.490083
1578441600,8145.92,8455.0,7870.0,8055.98,112606.28635199998
1578528000,8054.72,8055.96,7750.0,7817.76,64235.068941
1578614400,7817.74,8199.0,7672.0,8197.02,82399.30913600001
1578700800,8198.86,8286.34,8003.16,8020.01,54807.686207000006
1578787200,8020.01,8197.0,7960.0,8184.98,38130.815555999994
1578873600,8184.97,8196.0,8055.89,8110.34,31159.750461
1578960000,8110.34,8880.0,8105.54,8810.01,120392.91895600001
1579046400,8814.64,8916.48,8564.0,8821.41,84814.360612
1579132800,8820.01,8859.81,8586.0,8720.01,51988.86410300001
1579219200,8720.15,9041.65,8672.44,8913.28,70897.10631
1579305600,8913.27,8988.88,8806.38,8915.96,38294.509397000016
1579392000,8915.09,9198.98,8466.0,8701.7,70676.296816
1579478400,8701.72,8746.99,8521.28,8642.35,38895.513657999996
1579564800,8642.35,8789.0,8488.0,8736.03,36494.49406899999
1579651200,8736.04,8818.0,8590.0,8682.36,29080.249567999992
1579737600,8682.77,8691.81,8306.39,8404.52,48165.906528
1579824000,8404.52,8528.02,8238.0,8439.0,41687.029802
1579910400,8438.99,8451.26,8254.9,8340.58,25520.664954
1579996800,8340.01,8618.13,8293.66,8615.0,31130.485163999998
1580083200,8614.39,9000.0,8535.0,8907.57,53966.21557
1580169600,8907.57,9400.0,8862.4,9374.21,74583.659889
1580256000,9375.34,9449.24,9216.0,9301.53,53863.980145999994
1580342400,9301.57,9578.0,9204.44,9513.21,60623.13114500001
1580428800,9511.52,9530.22,9210.01,9352.89,45546.05781200001
1580515200,9351.71,9464.53,9281.0,9384.61,28578.067243
1580601600,9384.41,9477.03,9120.0,9331.51,45689.55670000001
1580688000,9331.59,9618.79,9234.0,9292.24,50891.7373
1580774400,9291.35,9350.0,9093.01,9197.02,53306.04121600001
1580860800,9197.02,9744.45,9177.22,9612.04,64862.74817499999
1580947200,9612.03,9862.57,9526.35,9772.0,64947.203169
1581033600,9772.0,9885.0,9730.0,9813.73,43965.96376499999
1581120000,9813.87,9940.0,9667.11,9895.05,43595.78333099999
1581206400,9895.04,10166.0,9880.75,10151.75,43403.681995
1581292800,10151.72,10188.0,9756.0,9851.83,59572.69630599999
1581379200,9851.74,10323.59,9700.0,10223.08,62421.41082100001
1581465600,10223.08,10450.0,10223.08,10326.46,61000.02300500001
1581552000,10325.33,10500.0,10080.0,10229.63,79342.539007
1581638400,10227.78,10381.56,10111.37,10344.36,47036.10776300001
1581724800,10344.36,10375.0,9801.0,9904.72,57656.28872899999
1581811200,9904.46,10050.0,9638.12,9917.27,60021.577129000005
1581897600,9910.7,9964.16,9452.67,9706.0,70252.70151700002
1581984000,9706.0,10250.0,9576.01,10164.71,70602.72807799999
1582070400,10164.78,10250.0,9350.0,9593.79,55602.45485999999
1582156800,9594.65,9699.0,9400.0,9596.42,60142.280433
1582243200,9597.21,9755.51,9550.21,9677.05,42170.641012
1582329600,9677.05,9709.17,9560.02,9650.86,24636.551726
1582416000,9650.85,9990.0,9645.0,9936.4,37701.506718000004
1582502400,9936.4,9990.0,9473.56,9656.13,55793.43344900001
1582588800,9655.52,9675.0,9250.0,9315.84,54378.58645500001
1582675200,9316.48,9377.44,8633.63,8785.25,92119.02288100001
1582761600,8786.0,8971.77,8531.0,8823.21,72478.091133
1582848000,8823.25,8900.0,8445.0,8692.91,71144.41768700001
1582934400,8690.8,8790.0,8523.55,8523.61,36746.587658
1583020800,8523.61,8750.0,8411.0,8531.88,43889.70173699999
1583107200,8530.3,8965.75,8498.0,8915.24,60400.916054000016
1583193600,8911.18,8919.65,8651.0,8760.07,55149.37071800001
1583280000,8760.07,8848.29,8660.0,8750.87,38586.621121000004
1583366400,8750.99,9159.42,8746.54,9054.68,58162.174091
1583452800,9054.64,9170.0,8985.5,9131.88,43775.88203999999
1583539200,9130.89,9188.0,8835.0,8886.66,45419.70089
1583625600,8885.25,8886.76,8000.0,8033.31,77529.43889599999
1583712000,8034.76,8179.31,7632.01,7929.87,116943.39890900001
1583798400,7929.87,8149.0,7728.01,7894.56,86782.415509
1583884800,7894.57,7980.0,7590.0,7934.52,79881.14310800002
1583971200,7934.58,7966.17,4410.0,4800.0,261438.19879600004
1584057600,4800.01,5955.0,3782.13,5578.6,402145.09861300007
1584144000,5576.05,5640.52,5055.13,5172.06,136898.737546
1584230400,5172.48,5940.0,5093.1,5361.3,139911.66020399999
1584316800,5360.33,5365.42,4442.12,5028.97,227266.395154
1584403200,5028.86,5525.0,4921.45,5312.64,150077.334827
1584489600,5312.64,5436.17,5009.37,5393.04,137119.450051
1584576000,5393.26,6400.0,5252.53,6162.37,198940.109516
1584662400,6162.05,6900.0,5670.0,6208.36,219175.00153999997
1584748800,6204.57,6456.98,5860.02,6186.98,128905.27456599996
1584835200,6187.04,6407.87,5734.01,5816.19,119114.413075
1584921600,5816.05,6600.0,5688.0,6467.31,164668.347622
1585008000,6465.25,6833.0,6371.33,6744.72,151134.72241299998
1585094400,6744.69,6957.96,6450.0,6677.43,132109.839773
1585180800,6677.42,6780.0,6510.0,6737.36,82960.79688199998
1585267200,6737.27,6842.59,6261.0,6359.11,82913.43638199999
1585353600,6359.11,6360.0,6024.0,6236.65,93159.693429
1585440000,6236.65,6266.0,5866.56,5881.42,63311.627713999995
1585526400,5880.5,6599.0,5857.76,6394.38,118889.54999199999
1585612800,6394.45,6523.23,6321.4,6410.44,72337.595259
1585699200,6412.14,6679.94,6150.11,6642.92,97500.75239999998
1585785600,6643.36,7198.0,6551.0,6794.09,149299.906871
1585872000,6793.86,7048.0,6602.1,6734.1,104079.42483000003
1585958400,6732.97,6990.41,6650.01,6856.99,72990.86113900002
1586044800,6857.41,6895.54,6677.52,6772.78,49685.356983
1586131200,6772.78,7355.14,6765.0,7329.9,118052.00083200002
1586217600,7329.9,7459.69,7077.0,7197.32,103585.16891799998
1586304000,7197.32,7420.0,7150.0,7361.28,76059.145838
1586390400,7360.26,7371.92,7108.08,7283.54,61077.538711999994
1586476800,7283.54,7295.75,6739.98,6858.92,104674.62337500004
1586563200,6858.92,6944.3,6760.0,6876.83,45470.293205999995
1586649600,6876.84,7177.0,6780.0,6903.79,73868.666501
1586736000,6903.79,6903.79,6575.0,6837.91,96415.47657299996
1586822400,6838.04,6978.0,6754.28,6868.7,69068.62328500001
1586908800,6868.57,6933.0,6605.0,6621.24,61511.995298
1586995200,6621.25,7190.0,6468.27,7101.94,125009.857539
1587081600,7101.99,7148.12,6972.98,7027.55,54126.509762999995
1587168000,7026.78,7293.08,7014.4,7248.6,49488.54281900001
1587254400,7248.6,7266.15,7055.6,7120.74,45664.347473
1587340800,7121.4,7220.0,6751.0,6826.83,90147.06432599999
1587427200,6828.98,6940.0,6762.0,6841.37,60097.390286999995
1587513600,6841.36,7156.38,6818.0,7125.14,61483.09681900001
1587600000,7125.12,7738.0,7020.0,7482.39,102754.01299500001
1587686400,7483.96,7615.96,7388.0,7505.0,60176.639528
1587772800,7505.0,7705.0,7431.07,7538.67,43872.632456
1587859200,7539.03,7700.0,7480.0,7693.1,50521.06269600001
1587945600,7693.1,7792.02,7606.0,7774.62,65430.174455999986
1588032000,7773.51,7780.0,7659.12,7738.98,46300.738043
1588118400,7738.58,8952.89,7710.05,8778.57,183470.55060599998
1588204800,8778.58,9460.0,8401.0,8620.0,206245.364588
1588291200,8620.0,9059.18,8613.56,8826.96,91463.15359099998
1588377600,8825.67,9010.0,8753.0,8972.05,58993.724848
1588464000,8972.58,9200.0,8712.0,8894.16,90117.134744
1588550400,8894.15,8950.0,8522.0,8871.96,84409.36208
1588636800,8871.92,9118.58,8760.0,9021.83,76479.59709200001
1588723200,9021.36,9395.0,8906.21,9142.92,105914.93351400003
1588809600,9143.4,10067.0,9021.0,9986.4,147120.301641
1588896000,9986.3,10035.96,9705.0,9800.01,100677.71313299998
1588982400,9800.02,9914.25,9520.0,9539.4,81948.27989
1589068800,9539.1,9574.83,8117.0,8722.77,183667.960187
1589155200,8722.77,9168.0,8200.0,8561.52,168786.95534600006
1589241600,8562.04,8978.26,8528.78,8810.79,86522.55744500001
1589328000,8810.99,9398.0,8792.99,9309.37,92406.083204
1589414400,9309.35,9939.0,9256.76,9791.98,129555.479217
1589500800,9791.97,9845.62,9150.0,9316.42,115887.895556
1589587200,9315.96,9588.0,9220.0,9381.27,59582.533407
1589673600,9380.81,9888.0,9322.1,9680.04,68635.25854499998
1589760000,9681.11,9950.0,9464.23,9733.93,82000.26756300002
1589846400,9733.93,9897.21,9474.0,9775.53,78530.61409899998
1589932800,9775.13,9842.0,9326.0,9511.43,74910.15805
1590019200,9511.43,9578.47,8815.0,9068.65,108824.10487699999
1590105600,9067.51,9271.0,8933.52,9170.0,58937.29218300001
1590192000,9170.0,9307.85,9070.0,9179.15,43525.81566900001
1590278400,9179.01,9298.0,8700.0,8720.34,70372.02654499999
1590364800,8718.14,8979.66,8642.72,8900.35,62832.939122
1590451200,8900.35,9017.67,8700.0,8841.18,58299.08428200001
1590537600,8841.0,9225.0,8811.73,9204.07,68903.137435
1590624000,9204.07,9625.47,9110.0,9575.89,74095.127295
1590710400,9575.87,9605.26,9330.0,9427.07,57370.481744000004
1590796800,9426.6,9740.0,9331.23,9697.72,55664.145058
1590883200,9697.72,9700.0,9381.41,9448.27,48332.09397799999
1590969600,9448.27,10380.0,9421.67,10200.77,76624.28310400003
1591056000,10202.71,10228.99,9266.0,9518.04,108970.45010099998
1591142400,9518.02,9690.0,9365.21,9666.24,46252.644939
1591228800,9666.32,9881.63,9450.0,9789.06,57455.273767
1591315200,9788.14,9854.75,9581.0,9621.16,47787.15654799999
1591401600,9621.17,9735.0,9531.05,9666.3,32752.685618
1591488000,9666.85,9802.0,9372.46,9746.99,57952.848385000005
1591574400,9746.99,9800.0,9633.0,9782.01,40664.49339
1591660800,9782.0,9877.0,9570.0,9772.43,46018.48804499999
1591747200,9772.44,9992.72,9704.18,9885.0,47127.913780999996
1591833600,9885.22,9964.0,9113.0,9280.4,94313.62233799999
1591920000,9278.88,9557.12,9232.51,9465.13,50118.06680600001
1592006400,9464.96,9494.73,9351.0,9473.34,27747.318124000005
1592092800,9473.34,9480.99,9245.0,9342.1,30055.181310000004
1592179200,9342.1,9495.0,8910.45,9426.02,86106.729345
1592265600,9426.05,9589.0,9373.09,9525.59,52050.12173400002
1592352000,9526.97,9565.0,9236.61,9465.14,48044.59022599999
1592438400,9465.13,9489.0,9280.0,9386.32,37381.805288
1592524800,9386.32,9438.3,9215.79,9310.23,45328.28757399999
1592611200,9310.23,9395.0,9170.95,9358.95,30327.820044
1592697600,9358.95,9422.0,9281.54,9294.69,24316.232744
1592784000,9294.69,9780.0,9277.09,9685.69,57889.14044200001
1592870400,9685.69,9720.0,9577.03,9624.89,41030.189014999996
1592956800,9624.33,9670.0,9208.0,9296.49,61565.58175500001
1593043200,9298.33,9340.0,9009.69,9249.49,55830.46201399998
1593129600,9249.49,9298.0,9045.45,9162.21,50289.743033
1593216000,9162.21,9196.24,8833.0,9012.0,46288.092603000005
1593302400,9012.0,9191.0,8948.06,9116.35,30687.29465099999
1593388800,9116.16,9238.0,9024.67,9192.56,42106.841358000005
1593475200,9192.93,9205.0,9064.89,9138.55,31463.098252000003
1593561600,9138.08,9292.0,9080.1,9232.0,38488.200386000004
1593648000,9231.99,9261.96,8940.0,9086.54,45722.75519299999
1593734400,9086.54,9125.0,9037.47,9058.26,28939.657951
1593820800,9057.79,9190.0,9040.04,9135.46,26436.564113999997
1593907200,9135.0,9145.24,8893.03,9069.41,34071.731076
1593993600,9069.41,9375.0,9055.92,9344.2,54457.63431899999
1594080000,9342.47,9379.42,9203.0,9257.39,34585.576793
1594166400,9257.4,9470.0,9231.0,9436.06,56115.95139000001
1594252800,9436.06,9440.79,9160.0,9232.43,48043.110136999996
1594339200,9232.42,9317.48,9125.0,9288.34,38294.892112
1594425600,9288.34,9299.28,9178.25,9234.03,22561.276476000003
1594512000,9234.02,9345.0,9157.5,9302.75,30871.65291599999
1594598400,9303.31,9343.82,9200.89,9242.62,42734.960168
1594684800,9242.61,9279.54,9113.0,9255.85,45771.56737800002
1594771200,9255.85,9276.49,9160.57,9197.6,39052.892050999995
1594857600,9197.6,9226.15,9047.25,9133.72,43370.983841999994
1594944000,9133.72,9186.83,9089.81,9154.32,28054.052431
1595030400,9154.31,9219.3,9121.1,9170.28,22550.284287000002
1595116800,9170.3,9232.27,9101.35,9208.99,26051.690397000002
1595203200,9208.99,9221.52,9131.0,9160.78,35443.858105
1595289600,9160.78,9437.73,9152.8,9390.0,60407.538325
1595376000,9390.0,9544.0,9261.0,9518.16,48814.162890000014
1595462400,9518.16,9664.0,9440.33,9603.27,51854.886932
1595548800,9603.27,9637.0,9463.44,9537.8,43920.127937
1595635200,9538.1,9732.9,9513.0,9700.42,40620.763712999986
1595721600,9700.42,10111.0,9650.0,9931.54,65278.714301
1595808000,9931.54,11394.86,9917.21,11029.96,150165.93818
1595894400,11029.96,11242.23,10565.0,10906.27,97262.87413299998
1595980800,10906.27,11342.82,10812.0,11100.53,76820.78212499998
1596067200,11100.52,11170.0,10831.0,11099.61,60792.659956
1596153600,11099.79,11444.0,10960.0,11335.46,70054.571906
1596240000,11335.46,11861.0,11220.0,11801.17,85084.534554
1596326400,11801.17,12123.46,10518.5,11071.35,97546.89057399999
1596412800,11071.36,11473.0,10936.0,11219.81,56926.39977899999
1596499200,11219.68,11414.98,11000.0,11191.97,58262.804209
1596585600,11191.99,11780.93,11093.0,11744.91,74967.68335500002
1596672000,11744.91,11900.0,11562.5,11762.46,63527.867710999984
1596758400,11762.47,11909.94,11322.0,11594.23,65753.989655
1596844800,11594.36,11808.27,11512.0,11761.41,41855.05533
1596931200,11761.02,11797.11,11521.97,11681.68,41492.07963
1597017600,11681.69,12067.35,11450.0,11892.92,84943.45469000003
1597104000,11892.9,11935.0,11125.0,11392.08,90741.578931
1597190400,11392.09,11617.52,11150.0,11564.33,64909.086940999994
1597276800,11564.34,11792.96,11270.36,11780.0,70129.44485100001
1597363200,11779.77,11850.0,11634.03,11760.54,59816.748891
1597449600,11760.55,11980.0,11680.0,11852.4,56235.251820000005
1597536000,11852.4,11931.72,11686.0,11911.0,41364.92971900001
1597622400,11910.99,12468.0,11769.78,12281.13,84728.744865
1597708800,12281.15,12387.77,11817.93,11945.01,75922.69544099999
1597795200,11945.1,12020.08,11561.0,11754.31,72812.438047
1597881600,11754.38,11880.01,11668.0,11853.55,45991.35636
1597968000,11853.54,11878.0,11485.81,11531.34,64447.023142000005
1598054400,11531.23,11686.0,11376.81,11662.96,43664.886270999996
1598140800,11663.51,11718.07,11514.13,11648.13,37899.317686
1598227200,11648.12,11824.9,11585.09,11748.2,45986.702077000016
1598313600,11748.19,11767.85,11117.64,11318.42,68842.65121800001
1598400000,11318.42,11539.32,11244.0,11461.43,53698.91362600001
1598486400,11461.42,11592.2,11125.0,11330.38,62760.46214000001
1598572800,11330.38,11542.65,11276.89,11526.91,45950.289455
1598659200,11526.9,11580.02,11417.04,11465.84,32973.487653
1598745600,11465.84,11719.0,11458.0,11711.16,43177.109446
1598832000,11711.17,11800.77,11570.0,11649.51,55351.80187799999
1598918400,11649.51,12050.85,11515.0,11921.97,78123.82300099998
1599004800,11921.97,11954.57,11160.1,11388.54,87212.71098399996
1599091200,11388.54,11462.6,9960.8,10140.85,121933.92474100002
1599177600,10138.29,10627.05,9875.5,10446.25,92703.02957299999
1599264000,10446.25,10565.68,9825.0,10166.69,89994.69001400002
1599350400,10166.69,10347.14,9994.86,10256.2,56318.828503000004
1599436800,10255.89,10410.75,9875.0,10373.44,62616.77655999999
1599523200,10373.45,10438.0,9850.0,10126.65,73489.394497
1599609600,10126.66,10343.0,9981.01,10219.2,49336.34273799999
1599696000,10219.29,10483.35,10070.83,10336.87,58244.665273
1599782400,10336.86,10397.6,10200.0,10387.89,43827.737713999995
1599868800,10387.89,10477.97,10269.25,10440.92,35377.444243000005
1599955200,10440.67,10580.11,10200.0,10332.83,43836.808687000004
1600041600,10332.84,10750.0,10212.34,10671.77,67057.607209
1600128000,10671.77,10930.04,10606.48,10785.31,61813.957785000006
1600214400,10785.23,11093.0,10661.22,10954.01,64988.785449999996
1600300800,10954.01,11045.46,10745.83,10939.99,55599.790551
1600387200,10940.0,11038.03,10812.84,10933.39,47263.48729800001
1600473600,10933.4,11179.79,10887.37,11080.65,38439.346521999985
1600560000,11080.64,11080.64,10723.0,10920.28,39156.902764
1600646400,10920.28,10988.86,10296.35,10417.22,70675.63788000001
1600732800,10417.22,10572.71,10353.0,10529.61,43989.43036
1600819200,10529.61,10537.15,10136.82,10241.46,51772.40114699999
1600905600,10241.46,10795.24,10190.93,10736.32,57673.000067999994
1600992000,10736.33,10760.53,10556.24,10686.67,48095.99267100001
1601078400,10686.57,10820.94,10644.68,10728.6,28420.765554
1601164800,10728.59,10799.0,10594.82,10774.25,30549.268887
1601251200,10774.26,10950.0,10626.0,10696.12,50092.292805000005
1601337600,10696.11,10867.54,10635.87,10840.48,41874.000841
1601424000,10840.58,10849.34,10665.13,10776.59,39595.895587000006
1601510400,10776.59,10920.0,10437.0,10619.13,60860.832464
1601596800,10619.13,10664.64,10374.0,10570.4,50129.604276000005
1601683200,10570.4,10603.56,10496.46,10542.06,22298.217281000005
1601769600,10542.07,10696.87,10517.87,10666.63,23211.695184999997
1601856000,10666.62,10798.0,10615.64,10792.21,34020.214244999996
1601942400,10792.2,10800.0,10525.0,10599.66,48673.914834999996
1602028800,10599.65,10681.87,10546.17,10666.39,32809.421715
1602115200,10666.4,10950.0,10530.41,10925.57,51958.359246
1602201600,10925.44,11104.64,10829.0,11050.64,48226.180896
1602288000,11050.64,11491.0,11050.51,11293.22,43641.582108999995
1602374400,11293.22,11445.0,11221.0,11369.02,29036.085711000003
1602460800,11369.02,11720.01,11172.0,11528.25,52824.40951700001
1602547200,11528.24,11557.0,11300.0,11420.56,42201.854302
1602633600,11420.57,11547.98,11280.0,11417.89,41411.776959
1602720000,11417.89,11617.34,11250.83,11505.12,48754.794809
1602806400,11505.13,11541.15,11200.0,11319.32,48795.96592500001
1602892800,11319.24,11402.42,11255.0,11360.2,22351.584585000004
1602979200,11360.31,11505.0,11346.22,11503.14,23283.846171999998
1603065600,11503.14,11823.99,11407.96,11751.47,47413.733794
1603152000,11751.46,12038.38,11677.59,11909.99,62133.38121900002
1603238400,11910.0,13217.68,11886.95,12780.96,114573.13514099999
1603324800,12780.75,13185.0,12678.08,12968.52,70033.135879
1603411200,12968.84,13027.69,12720.08,12923.07,50385.366861
1603497600,12923.06,13166.73,12870.0,13111.73,35951.518125999995
1603584000,13111.73,13350.0,12888.0,13028.83,38481.029328000004
1603670400,13029.64,13238.81,12765.0,13052.19,60909.088455
1603756800,13052.15,13789.29,13019.87,13636.17,80790.59045799999
1603843200,13636.16,13859.48,12888.0,13266.4,94439.38767899998
1603929600,13266.4,13642.91,12920.77,13455.7,74869.229877
1604016000,13455.69,13669.98,13115.0,13560.1,70569.388708
1604102400,13560.1,14100.0,13411.5,13791.0,67337.09883199999
1604188800,13791.0,13895.0,13603.0,13761.5,36140.31046
1604275200,13761.49,13830.0,13195.05,13549.37,64532.864539
1604361600,13549.63,14066.11,13284.99,14023.53,74112.569741
1604448000,14023.53,14259.0,13525.0,14144.01,92989.862871
1604534400,14144.01,15750.0,14093.56,15590.02,143727.69534399998
1604620800,15590.02,15960.0,15166.0,15579.92,122605.23905299998
1604707200,15579.93,15753.52,14344.22,14818.3,101428.34343699999
1604793600,14818.3,15650.0,14703.88,15475.1,65547.05019899999
1604880000,15475.1,15840.0,14805.54,15328.41,108848.02980300001
1604966400,15328.41,15460.0,15072.46,15297.21,61681.182539
1605052800,15297.21,15965.0,15272.68,15684.24,78468.22148700002
1605139200,15684.25,16340.7,15440.64,16291.86,102188.56510600005
1605225600,16291.85,16480.0,15952.35,16320.7,75688.08220300001
1605312000,16320.04,16326.99,15670.0,16070.45,59082.657086
1605398400,16069.56,16180.0,15774.72,15957.0,43595.957308000005
1605484800,15957.0,16880.0,15864.0,16713.57,81157.543581
1605571200,16713.08,17858.82,16538.0,17659.38,115197.491988
1605657600,17659.38,18476.93,17214.45,17776.12,148932.05424000003
1605744000,17777.75,18179.8,17335.65,17802.82,93006.72272500001
1605830400,17802.81,18815.22,17740.04,18655.67,88418.08473099998
1605916800,18655.66,18965.9,18308.58,18703.8,75571.17702800002
1606003200,18703.8,18750.0,17610.86,18414.43,81639.767026
1606089600,18413.88,18766.0,18000.0,18368.0,82955.730005
1606176000,18368.01,19418.97,18018.0,19160.01,113573.483362
1606262400,19160.0,19484.21,18500.27,18719.11,93259.700885
1606348800,18718.83,18915.03,16188.0,17149.47,180971.10699799994
1606435200,17149.47,17457.62,16438.08,17139.52,85290.91042000001
1606521600,17139.53,17880.49,16865.56,17719.85,64908.681487000016
1606608000,17719.84,18360.05,17517.0,18184.99,55279.200203
1606694400,18185.0,19863.16,18184.99,19695.87,115455.73820800001
1606780800,19695.87,19888.0,18001.12,18764.96,127694.296783
1606867200,18764.96,19342.0,18330.0,19204.09,75813.38055599999
1606953600,19204.08,19598.0,18867.2,19421.9,66629.943295
1607040000,19422.34,19527.0,18565.31,18650.52,71202.411728
1607126400,18650.51,19177.0,18500.0,19147.66,42884.17132
1607212800,19147.66,19420.0,18857.0,19359.4,36992.974639
1607299200,19358.67,19420.91,18902.88,19166.9,41285.84084699999
1607385600,19166.9,19294.84,18200.0,18324.11,61506.042337000006
1607472000,18324.11,18639.57,17650.0,18541.28,79215.223098
1607558400,18541.29,18557.32,17911.12,18254.63,52685.86730099999
1607644800,18254.81,18292.73,17572.33,18036.53,72461.44506799999
1607731200,18036.53,18948.66,18020.7,18808.69,49429.364594
1607817600,18808.69,19411.0,18711.12,19174.99,55833.562328
1607904000,19174.99,19349.0,19000.0,19273.14,47138.071842
1607990400,19273.69,19570.0,19050.0,19426.43,61834.366011
1608076800,19426.43,21560.0,19278.6,21335.52,114306.33557000001
1608163200,21335.52,23800.0,21230.0,22797.16,184882.47674800002
1608249600,22797.15,23285.18,22350.0,23107.39,79646.134315
1608336000,23107.39,24171.47,22750.0,23821.61,86045.06467700002
1608422400,23821.6,24295.0,23060.0,23455.52,76690.145685
1608508800,23455.54,24102.77,21815.0,22719.71,87167.85113400001
1608595200,22719.88,23837.1,22353.4,23810.79,86989.60038999999
1608681600,23810.79,24100.0,22600.0,23232.76,119047.259733
1608768000,23232.39,23794.43,22703.42,23729.2,69013.83425199999
1608854400,23728.99,24789.86,23433.6,24712.47,79494.026555
1608940800,24712.47,26867.03,24500.0,26493.39,97806.513386
1609027200,26493.4,28422.0,25700.0,26281.66,148455.58621399998
1609113600,26281.54,27500.0,26101.0,27079.41,79721.74249599999
1609200000,27079.42,27410.0,25880.0,27385.0,69411.592606
1609286400,27385.0,28996.0,27320.0,28875.54,95356.057826
1609372800,28875.55,29300.0,27850.0,28923.63,75508.505152
1609459200,28923.63,29600.0,28624.57,29331.69,54182.925011
1609545600,29331.7,33300.0,28946.53,32178.33,129993.87336199997
1609632000,32176.45,34778.11,31962.99,33000.05,120957.56674999998
1609718400,33000.05,33600.0,28130.0,31988.71,140899.88569000002
1609804800,31989.75,34360.0,29900.0,33949.53,116049.997038
1609891200,33949.53,36939.21,33288.0,36769.36,127139.20130999999
1609977600,36769.36,40365.0,36300.0,39432.28,132825.70043700002
1610064000,39432.48,41950.0,36500.0,40582.81,139789.95749899998
1610150400,40586.96,41380.0,38720.0,40088.22,75785.979675
1610236800,40088.22,41350.0,35111.11,38150.02,118209.54450300001
1610323200,38150.02,38264.74,30420.0,35404.47,249131.539943
1610409600,35410.37,36628.0,32531.0,34051.24,133948.151996
1610496000,34049.15,37850.0,32380.0,37371.38,124477.91493800002
1610582400,37371.38,40100.0,36701.23,39144.5,102950.389421
1610668800,39145.21,39747.76,34408.0,36742.22,118047.67659500001
1610755200,36737.43,37950.0,35357.8,35994.98,86220.79037799999
1610841600,35994.98,36852.5,33850.0,35828.61,79980.03261800001
1610928000,35824.99,37469.83,34800.0,36631.27,70567.92095500001
1611014400,36622.46,37850.0,35844.06,35891.49,79302.012656
1611100800,35901.94,36415.31,33400.0,35468.23,89181.335326
1611187200,35468.23,35600.0,30071.0,30850.13,131451.42039100002
1611273600,30851.99,33826.53,28850.0,32945.17,142570.899995
1611360000,32950.0,33456.0,31390.16,32078.0,64481.54339200002
1611446400,32078.0,33071.0,30900.0,32259.9,57852.774887
1611532800,32259.45,34875.0,31910.0,32254.2,87864.623945
1611619200,32254.19,32921.88,30837.37,32467.77,84793.666571
1611705600,32464.01,32557.29,29241.72,30366.15,95479.32586200001
1611792000,30362.19,33783.98,29842.1,33364.86,92273.24856200001
1611878400,33368.18,38531.9,31915.4,34252.2,229622.44539100002
1611964800,34246.28,34933.0,32825.0,34262.88,84742.11784900002
1612051200,34262.89,34342.69,32171.67,33092.98,68623.62319299999
1612137600,33092.97,34717.27,32296.16,33526.37,82049.44629500002
1612224000,33517.09,35984.33,33418.0,35466.24,77989.134103
1612310400,35472.71,37662.63,35362.38,37618.87,80689.69779399999
1612396800,37620.26,38708.27,36161.95,36936.66,91975.61162799998
1612483200,36936.65,38310.12,36570.0,38290.24,66552.40710800001
1612569600,38289.32,40955.51,38215.94,39186.94,98370.26053700001
1612656000,39181.01,39700.0,37351.0,38795.69,83899.996717
1612742400,38795.69,46794.45,37988.89,46374.87,137925.593795
1612828800,46374.86,48142.19,44961.09,46420.42,114437.89588499999
1612915200,46420.42,47310.0,43727.0,44807.58,96194.97002199996
1613001600,44807.58,48678.9,43994.02,47969.51,89036.12147000001
1613088000,47968.66,48985.8,46125.0,47287.6,85133.64801500001
1613174400,47298.15,48150.0,46202.53,47153.69,63365.97400100001
1613260800,47156.78,49707.43,47014.17,48577.79,73178.21860099999
1613347200,48580.47,49010.92,45570.79,47911.1,78702.53450200001
1613433600,47911.1,50689.18,47003.62,49133.45,88192.156099
1613520000,49133.45,52618.74,48947.0,52119.71,85053.81531500001
1613606400,52117.67,52530.0,50901.9,51552.6,60353.971236000005
1613692800,51552.61,56368.0,50710.2,55906.0,79592.966177
1613779200,55906.0,57700.46,53863.93,55841.19,80948.20531399999
1613865600,55841.19,58352.8,55477.59,57408.57,58172.203345
1613952000,57412.35,57508.47,47622.0,54087.67,133450.42831899994
1614038400,54087.67,54183.59,44892.56,48891.0,169329.32428800003
1614124800,48891.0,51374.99,46988.69,49676.2,91834.44566099999
1614211200,49676.21,52041.73,46674.34,47073.73,83296.19555599999
1614297600,47073.73,48424.11,44106.78,46276.87,109406.71674600002
1614384000,46276.88,48394.0,45000.0,46106.43,66053.76262699999
1614470400,46103.67,46638.46,43000.0,45135.66,83002.65190499999
1614556800,45134.11,49790.0,44950.53,49587.03,85083.11377200001
1614643200,49595.76,50200.0,47047.6,48440.65,64217.015824999995
1614729600,48436.61,52640.0,48100.71,50349.37,81031.27885
1614816000,50349.37,51773.88,47500.0,48374.09,82645.6125
1614902400,48374.09,49448.93,46300.0,48751.71,78181.010556
1614988800,48746.81,49200.0,47070.0,48882.2,44396.755201
1615075200,48882.2,51450.03,48882.2,50971.75,55228.264693000005
1615161600,50959.11,52402.78,49274.67,52375.17,66987.02449699998
1615248000,52375.18,54895.0,51789.41,54884.5,71600.39449200002
1615334400,54874.67,57387.69,53005.0,55851.59,84746.915608
1615420800,55851.59,58150.0,54272.82,57773.16,81905.23689599999
1615507200,57773.15,58081.51,54962.84,57221.72,73379.84813700001
1615593600,57221.72,61844.0,56078.23,61188.39,83243.30502
1615680000,61188.38,61724.79,58966.78,58968.31,52570.64635799999
1615766400,58976.08,60633.43,54600.0,55605.2,102751.051514
1615852800,55605.2,56938.29,53271.34,56900.75,77984.04272200003
1615939200,56900.74,58974.73,54123.69,58912.97,70416.35152500002
1616025600,58912.97,60129.97,57023.0,57648.16,66569.331177
1616112000,57641.0,59468.0,56270.74,58030.01,52005.58839000001
1616198400,58030.01,59880.0,57820.17,58102.28,44139.85717599999
1616284800,58100.02,58589.1,55450.11,57351.56,48081.11373300001
1616371200,57351.56,58430.73,53650.0,54083.25,61838.48024899998
1616457600,54083.25,55830.9,53000.0,54340.89,59193.735405
1616544000,54342.8,57200.0,51700.0,52303.65,82347.04576899992
1616630400,52303.66,53287.0,50427.56,51293.78,86227.76341099998
1616716800,51293.78,55073.46,51214.6,55025.59,63416.831978
1616803200,55025.59,56700.36,53950.0,55817.14,49574.67114799998
1616889600,55817.14,56559.75,54691.84,55777.63,38507.968991
1616976000,55777.65,58405.82,54800.01,57635.47,66533.97753
1617062400,57635.46,59368.0,57071.35,58746.57,55121.751345
1617148800,58746.57,59800.0,56769.0,58740.55,60356.150625999995
1617235200,58739.46,59490.0,57935.45,58720.44,46742.578693
1617321600,58720.45,60200.0,58428.57,58950.01,47371.013775999985
1617408000,58950.01,59791.72,56880.0,57051.94,47386.653066
1617494400,57051.95,58492.85,56388.0,58202.01,41294.771003999995
1617580800,58202.01,59272.0,56777.77,59129.99,54252.136526
1617667200,59129.99,59495.24,57413.02,57991.15,54199.759536
1617753600,57990.03,58655.0,55473.0,55953.45,71227.93467100001
1617840000,55953.44,58153.31,55700.0,58077.52,44283.04810200001
1617926400,58077.52,58894.9,57654.0,58142.54,40819.686815
1618012800,58142.55,61500.0,57900.01,59769.13,69904.83879400001
1618099200,59769.13,60699.0,59232.52,60002.43,41156.71539099999
1618185600,59998.8,61300.0,59350.59,59860.0,55832.30525900001
1618272000,59860.01,63777.77,59805.15,63575.0,82847.32529299999
1618358400,63575.01,64854.0,61301.0,62959.53,82614.00188600001
1618444800,62959.53,63800.0,62020.0,63159.98,51647.71492299999
1618531200,63158.74,63520.61,60000.0,61334.8,91728.73827599997
1618617600,61334.81,62506.05,59580.91,60006.66,58893.730849
1618704000,60006.67,60499.0,50931.3,56150.01,124855.60680900002
1618790400,56150.01,57526.81,54221.58,55633.14,78226.45830200001
1618876800,55633.14,57076.24,53329.96,56425.0,72743.14374799999
1618963200,56425.0,56757.91,53536.02,53787.63,66981.75924200001
1619049600,53787.62,55521.48,50500.0,51690.96,104154.36430399999
1619136000,51690.95,52131.85,47500.0,51125.14,126599.13134999998
1619222400,51110.56,51166.22,48657.14,50047.84,55328.320644
1619308800,50047.84,50567.91,46930.0,49066.77,58254.670915999995
1619395200,49066.76,54356.62,48753.44,54001.39,86264.84087999999
1619481600,54001.38,55460.0,53222.0,55011.97,54044.102107
1619568000,55011.97,56428.0,53813.16,54846.22,55122.760106
1619654400,54846.23,55195.84,52330.94,53555.0,52472.365987000005
1619740800,53555.0,57963.0,53013.01,57694.27,68566.876729
1619827200,57697.25,58458.07,56956.14,57800.37,42596.54405599999
1619913600,57797.35,57911.02,56035.25,56578.21,36811.616369999996
1620000000,56578.21,58981.44,56435.0,57169.39,57632.961038000016
1620086400,57169.39,57200.0,53046.69,53200.01,85323.218606
1620172800,53205.05,58069.82,52900.0,57436.11,77248.07024699998
1620259200,57436.11,58360.0,55200.0,56393.68,70177.061905
1620345600,56393.68,58650.0,55241.63,57314.75,74526.449493
1620432000,57315.49,59500.0,56900.0,58862.05,69707.09515500002
1620518400,58866.53,59300.0,56235.66,58240.84,69804.88004100001
1620604800,58240.83,59500.0,53400.0,55816.14,89541.22103700001
1620691200,55816.14,56862.43,54370.0,56670.02,64323.720539
1620777600,56670.02,58000.01,48600.0,49631.32,99825.630081
1620864000,49537.15,51367.19,46000.0,49670.97,147227.22197400001
1620950400,49671.92,51483.0,48799.75,49841.45,80076.996035
1621036800,49844.16,50700.0,46555.0,46762.99,89417.07986700001
1621123200,46762.99,49795.89,43825.39,46431.5,114218.038341
1621209600,46426.83,46686.0,42001.0,43538.04,166614.66809599998
1621296000,43538.02,45799.29,42250.02,42849.78,116957.31139200003
1621382400,42849.78,43584.9,30000.0,36690.09,350431.38829699985
1621468800,36671.23,42451.67,34850.0,40526.64,202939.81535899997
1621555200,40525.39,42200.0,33488.0,37252.01,202056.890981
1621641600,37263.35,38829.0,35200.62,37449.73,126518.58926600004
1621728000,37458.51,38270.64,31111.01,34655.25,217073.09619400007
1621814400,34681.44,39920.0,34031.0,38796.29,161614.51350899995
1621900800,38810.99,39791.77,36419.62,38324.72,111984.50467500003
1621987200,38324.72,40841.0,37800.44,39241.91,104699.79553100003
1622073600,39241.92,40411.14,37134.27,38529.98,86507.47609299999
1622160000,38529.99,38877.83,34684.0,35663.49,135340.55097300003
1622246400,35661.79,37338.58,33632.76,34605.15,112656.786343
1622332800,34605.15,36488.0,33379.0,35641.27,73472.13731600002
1622419200,35641.26,37499.0,34153.84,37253.81,94149.60927800002
1622505600,37253.82,37894.81,35666.0,36693.09,81221.68479800002
1622592000,36694.85,38225.0,35920.0,37568.68,67587.0975
1622678400,37568.68,39476.0,37170.0,39246.79,75879.12549699999
1622764800,39246.78,39289.07,35555.15,36829.0,91230.157972
1622851200,36829.15,37925.0,34800.0,35513.2,70459.023651
1622937600,35516.07,36480.0,35222.0,35796.31,47649.698738
1623024000,35796.31,36900.0,33300.0,33552.79,77571.903151
1623110400,33556.96,34068.01,31000.0,33380.81,123245.384419
1623196800,33380.8,37534.79,32396.82,37388.05,136599.631826
1623283200,37388.05,38491.0,35782.0,36675.72,109204.95393899996
1623369600,36677.83,37680.4,35936.77,37331.98,78448.90722199998
1623456000,37331.98,37463.63,34600.36,35546.11,87716.892708
1623542400,35546.12,39380.0,34757.0,39020.57,86905.48151900001
1623628800,39020.56,41064.05,38730.0,40516.29,108471.61063100002
1623715200,40516.28,41330.0,39506.4,40144.04,80676.95090099999
1623801600,40143.8,40527.14,38116.01,38349.01,87580.51074199998
1623888000,38349.0,39559.88,37365.0,38092.97,79536.13556200001
1623974400,38092.97,38202.84,35129.29,35819.84,95221.64472899999
1624060800,35820.48,36457.0,34803.52,35483.72,68712.020393
1624147200,35483.72,36137.72,33336.0,35600.16,89874.41735800002
1624233600,35600.17,35750.0,31251.23,31608.93,168745.985885
1624320000,31614.12,33298.78,28805.0,32509.56,204199.39896200004
1624406400,32509.56,34881.0,31683.0,33678.07,126889.99590300003
1624492800,33675.07,35298.0,32286.57,34663.09,86551.956445
1624579200,34663.08,35500.0,31275.0,31584.45,115975.88733499998
1624665600,31576.09,32730.0,30151.0,32283.65,107800.70345599999
1624752000,32283.65,34749.0,31973.45,34700.34,96518.49689699999
1624838400,34702.49,35297.71,33862.72,34494.89,82194.16760699998
1624924800,34494.89,36600.0,34225.43,35911.73,90731.00300699999
1625011200,35911.72,36100.0,34017.55,35045.0,77056.306911
1625097600,35045.0,35057.57,32711.0,33504.69,71691.61234600001
1625184000,33502.33,33977.04,32699.0,33786.55,56141.04885700001
1625270400,33786.54,34945.61,33316.73,34669.13,43043.766938999994
1625356800,34669.12,35967.85,34357.15,35286.51,43702.72795099999
1625443200,35288.13,35293.78,33125.55,33690.14,64122.70614399998
1625529600,33690.15,35118.88,33532.0,34220.01,58146.37089600001
1625616000,34220.02,35059.09,33777.77,33862.12,53795.153186
1625702400,33862.11,33929.64,32077.0,32875.71,69971.36959699992
1625788800,32875.71,34100.0,32261.07,33815.81,47153.673400999985
1625875200,33815.81,34262.0,33004.78,33502.87,34760.448561
1625961600,33502.87,34665.99,33306.47,34258.99,31516.861837
1626048000,34259.0,34678.43,32658.34,33086.63,48180.007295999996
1626134400,33086.94,33340.0,32202.25,32729.77,41096.809714
1626220800,32729.12,33114.03,31550.0,32820.02,46775.98179499999
1626307200,32820.03,33185.25,31133.0,31880.0,51639.576353
1626393600,31874.49,32249.18,31020.0,31383.87,48498.63008800001
1626480000,31383.86,31955.92,31164.31,31520.07,34012.213533999995
1626566400,31520.07,32435.0,31108.97,31778.56,35923.71178800001
1626652800,31778.57,31899.0,30407.44,30839.65,47337.451422
1626739200,30839.65,31063.07,29278.0,29790.35,61033.596078
1626825600,29790.34,32858.0,29482.61,32144.51,82795.15113099998
1626912000,32144.51,32591.35,31708.0,32287.83,46147.326337000006
1626998400,32287.58,33650.0,31924.32,33634.09,50111.38905699999
1627084800,33634.1,34500.0,33401.14,34258.14,47933.74349200001
1627171200,34261.51,35398.0,33851.12,35381.02,47851.084409
1627257600,35381.02,40550.0,35205.78,37237.6,152173.97397999995
1627344000,37241.33,39542.61,36383.0,39457.87,88374.17967299999
1627430400,39456.61,40900.0,38772.0,40019.56,101339.438414
1627516800,40019.57,40640.0,39200.0,40016.48,53855.996212
1627603200,40018.49,42316.71,38313.23,42206.37,73584.365192
1627689600,42206.36,42448.0,41000.15,41461.83,44806.753881000004
1627776000,41461.84,42599.0,39422.01,39845.44,53945.156563
1627862400,39850.27,40480.01,38690.0,39147.82,50796.327914
1627948800,39146.86,39780.0,37642.03,38207.05,57104.07416000001
1628035200,38207.04,39969.66,37508.56,39723.18,52310.952176
1628121600,39723.17,41350.0,37332.7,40862.46,84333.930402
1628208000,40862.46,43392.43,39853.86,42836.87,75733.48380600002
1628294400,42836.87,44700.0,42446.41,44572.54,72444.02622399987
1628380800,44572.54,45310.0,43261.0,43794.37,69120.21239999999
1628467200,43794.36,46454.15,42779.0,46253.4,74213.77541199999
1628553600,46248.87,46700.0,44589.46,45584.99,53657.151901000005
1628640000,45585.0,46743.47,45341.14,45511.0,52730.748212
1628726400,45510.67,46218.12,43770.0,44399.0,55261.209449
1628812800,44400.06,47886.0,44217.39,47800.0,48232.39212199997
1628899200,47799.99,48144.0,45971.03,47068.51,46089.941060000005
1628985600,47068.5,47372.27,45500.0,46973.82,42087.044480000004
1629072000,46973.82,48053.83,45660.0,45901.29,52480.040319
1629158400,45901.3,47160.0,44376.0,44695.95,57038.23180900001
1629244800,44695.95,46000.0,44203.28,44705.29,54099.051950999994
1629331200,44699.37,47033.0,43927.7,46760.62,53406.67264900001
1629417600,46760.62,49382.99,46622.99,49322.47,56848.01942900001
1629504000,49322.47,49757.04,48222.0,48821.87,46740.627486000005
1629590400,48821.88,49500.0,48050.0,49239.22,37004.625478
1629676800,49239.22,50500.0,49029.0,49488.85,52459.26967100001
1629763200,49488.85,49860.0,47600.0,47674.01,51014.242941000004
1629849600,47674.01,49264.3,47126.28,48973.32,44655.092115
1629936000,48973.32,49352.84,46250.0,46843.87,49369.481142000004
1630022400,46843.86,49149.93,46348.0,49069.9,42066.614994999996
1630108800,49069.9,49299.0,48346.88,48895.35,26680.937766000003
1630195200,48895.35,49632.27,47762.54,48767.83,32651.937613000002
1630281600,48767.84,48888.61,46853.0,46982.91,40278.41128
1630368000,46982.91,48246.11,46700.0,47100.89,48634.470980000006
1630454400,47100.89,49156.0,46512.0,48810.52,49904.167649999996
1630540800,48810.51,50450.13,48584.06,49246.64,54407.02634799999
1630627200,49246.63,51000.0,48316.84,49999.14,59014.251567000014
1630713600,49998.0,50535.69,49370.0,49915.64,34656.131810000006
1630800000,49917.54,51900.0,49450.0,51756.88,40531.806393000006
1630886400,51756.88,52780.0,50969.33,52663.9,49246.093250999984
1630972800,52666.2,52920.0,42843.05,46863.73,122643.88614399997
1631059200,46868.57,47340.99,44412.02,46048.31,65036.00638
1631145600,46048.31,47399.97,45513.08,46395.14,50650.39428999999
1631232000,46395.14,47033.0,44132.29,44850.91,49046.01428
1631318400,44842.2,45987.93,44722.22,45173.69,30438.340080000005
1631404800,45173.68,46460.0,44742.06,46025.24,32093.29448
1631491200,46025.23,46880.0,43370.0,44940.73,65403.797679999996
1631577600,44940.72,47250.0,44594.44,47111.52,44855.06841000001
1631664000,47103.28,48500.0,46682.32,48121.41,43204.37198
1631750400,48121.4,48557.0,47021.1,47737.82,40710.936779999996
1631836800,47737.81,48150.0,46699.56,47299.98,34461.44095
1631923200,47299.98,48843.2,47035.56,48292.74,30906.304650000005
1632009600,48292.75,48372.83,46829.18,47241.75,29846.348680000003
1632096000,47241.75,47347.25,42500.0,43015.62,77995.81322300003
1632182400,43016.64,43639.0,39600.0,40734.38,84474.42467599998
1632268800,40734.09,44000.55,40565.39,43543.61,58343.22963
1632355200,43546.37,44978.0,43069.09,44865.26,48691.34381999999
1632441600,44865.26,45200.0,40675.0,42810.57,84108.57243200002
1632528000,42810.58,42966.84,41646.28,42670.64,33594.31854000001
1632614400,42670.63,43950.0,40750.0,43160.9,49874.83363
1632700800,43160.9,44350.0,42098.0,42147.35,39775.99760000001
1632787200,42147.35,42787.38,40888.0,41026.54,43370.54411
1632873600,41025.01,42590.0,40753.88,41524.28,33509.10422000001
1632960000,41524.29,44141.37,41410.17,43824.1,46368.84534
1633046400,43820.01,48495.0,43283.03,48141.61,66239.82739
1633132800,48141.6,48336.59,47430.18,47634.9,30506.80691
1633219200,47634.89,49228.08,47088.0,48200.01,30824.983819999998
1633305600,48200.01,49536.12,46891.0,49224.94,46780.710650000015
1633392000,49224.93,51886.3,49022.4,51471.99,52124.901979999995
1633478400,51471.99,55750.0,50382.41,55315.0,79875.857601
1633564800,55315.0,55332.31,53357.0,53785.22,54838.606089999994
1633651200,53785.22,56100.0,53617.61,53951.43,46150.84466
1633737600,53955.67,55489.0,53661.67,54949.72,55176.256590000005
1633824000,54949.72,56561.31,54080.0,54659.0,89223.42822799996
1633910400,54659.01,57839.04,54415.06,57471.35,52905.45013900001
1633996800,57471.35,57680.0,53879.0,55996.93,53470.78497
1634083200,55996.91,57777.0,54167.19,57367.0,55807.56222
1634169600,57370.83,58532.54,56818.05,57347.94,43050.501741
1634256000,57347.94,62933.0,56850.0,61672.42,82507.81835700001
1634342400,61672.42,62378.42,60150.0,60875.57,35463.43493999999
1634428800,60875.57,61718.39,58963.0,61528.33,39098.246020000006
1634515200,61528.32,62695.78,59844.45,62009.84,51774.80198999999
1634601600,62005.6,64486.0,61322.22,64280.59,53618.51706400002
1634688000,64280.59,67000.0,63481.4,66001.41,51407.22925599999
1634774400,66001.4,66639.74,62000.0,62193.15,68515.37259
1634860800,62193.15,63732.39,60000.0,60688.22,52111.78823
1634947200,60688.23,61747.64,59562.15,61286.75,27615.567019999995
1635033600,61286.75,61500.0,59510.63,60852.22,31218.220019999997
1635120000,60852.22,63710.63,60650.0,63078.78,36852.44555
1635206400,63078.78,63293.48,59817.55,60328.81,40215.55352
1635292800,60328.81,61496.0,58000.0,58413.44,61355.52015
1635379200,58413.44,62499.0,57820.0,60575.89,61055.79145999999
1635465600,60575.9,62980.0,60174.81,62253.71,43971.688350000004
1635552000,62253.7,62359.25,60673.0,61859.19,31462.952989999998
1635638400,61859.19,62405.3,59945.36,61299.8,39267.03948999999
1635724800,61299.81,62437.74,59405.0,60911.11,44648.70933
1635811200,60911.12,64270.0,60624.68,63219.99,46367.90932
1635897600,63220.57,63500.0,60382.76,62896.48,43330.651620000004
1635984000,62896.49,63086.31,60677.01,61395.01,35930.933139999994
1636070400,61395.01,62595.72,60721.0,60937.12,31604.487490000007
1636156800,60940.18,61560.49,60050.0,61470.61,25590.57408
1636243200,61470.62,63286.35,61322.78,63273.59,25515.6883
1636329600,63273.58,67789.0,63273.58,67525.83,54441.269164
1636416000,67525.82,68524.25,66222.4,66947.66,44661.315367999996
1636502400,66947.67,69000.0,62822.9,64882.43,65171.492146
1636588800,64882.42,65600.07,64100.0,64774.26,37237.98057999999
1636675200,64774.25,65450.7,62278.0,64122.23,44490.103650000005
1636761600,64122.22,65000.0,63360.22,64380.0,22504.97383
1636848000,64380.01,65550.51,63576.27,65519.1,25705.073469999996
1636934400,65519.11,66401.82,63400.0,63606.74,37829.33116
1637020800,63606.73,63617.31,58574.07,60058.87,77455.10672000001
1637107200,60058.87,60840.23,58373.0,60344.87,46289.384910000015
1637193600,60344.86,60976.0,56474.26,56891.62,62146.45272
1637280000,56891.62,58320.0,55600.0,58052.24,50715.88725999999
1637366400,58057.1,59845.0,57353.0,59707.51,33811.5901
1637452800,59707.52,60029.76,58486.65,58622.02,31901.8695
1637539200,58617.7,59444.0,55610.0,56247.18,51724.32047000001
1637625600,56243.83,58009.99,55317.0,57541.27,49917.625369999994
1637712000,57541.26,57735.0,55837.0,57138.29,39315.16777
1637798400,57138.29,59398.9,57000.0,58960.36,41934.508080000014
1637884800,58960.37,59150.0,53500.0,53726.53,65927.46132
1637971200,53723.72,55280.0,53610.0,54721.03,29716.90473
1638057600,54716.47,57445.05,53256.64,57274.88,36163.71344000001
1638144000,57274.89,58865.97,56666.67,57776.25,39972.32282
1638230400,57776.25,59176.99,55875.55,56950.56,49161.051940000005
1638316800,56950.56,59053.55,56458.01,57184.07,44956.63655999999
1638403200,57184.07,57375.47,55777.77,56480.34,37573.98546000001
1638489600,56484.26,57600.0,51680.0,53601.05,58918.519830000005
1638576000,53601.05,53859.1,42000.3,49152.47,113752.48446800004
1638662400,49152.46,49699.05,47727.21,49396.33,45580.820120000004
1638748800,49396.32,50891.11,47100.0,50441.92,58571.21575
1638835200,50441.91,51936.33,50039.74,50588.95,38253.46877
1638921600,50588.95,51200.0,48600.0,50471.19,38425.92466
1639008000,50471.19,50797.76,47320.0,47545.59,37692.68665
1639094400,47535.9,50125.0,46852.0,47140.54,44229.102399999996
1639180800,47140.54,49485.71,46751.0,49389.99,28889.100629999994
1639267200,49389.99,50777.0,48638.0,50053.9,26017.889429999996
1639353600,50053.9,50189.97,45672.75,46702.75,50869.52092999996
1639440000,46702.76,48700.41,46290.0,48343.28,39955.98445
1639526400,48336.95,49500.0,46547.0,48864.98,51627.739709999994
1639612800,48864.98,49436.43,47511.0,47632.38,31949.86739
1639699200,47632.38,47995.96,45456.0,46131.2,43104.48869999999
1639785600,46133.83,47392.37,45500.0,46834.48,25020.052710000004
1639872000,46834.47,48300.01,46406.91,46681.23,29305.65186
1639958400,46681.24,47537.57,45558.85,46914.16,35848.50609
1640044800,46914.17,49328.96,46630.0,48889.88,37713.86972000001
1640131200,48887.59,49576.13,48421.87,48588.16,27004.2022
1640217600,48588.17,51375.0,47920.42,50838.81,35192.540460000004
1640304000,50838.82,51810.0,50384.43,50820.0,31684.812079999996
1640390400,50819.99,51156.23,50142.32,50399.66,19135.405130000003
1640476800,50399.67,51280.0,49412.0,50775.49,22569.889139999996
1640563200,50775.48,52088.0,50449.0,50701.44,28792.179650000002
1640649600,50701.44,50704.05,47313.01,47543.74,45853.27087000001
1640736000,47543.74,48139.08,46096.99,46464.66,39498.869999999995
1640822400,46464.66,47900.0,45900.0,47120.87,30351.98662
1640908800,47120.88,48548.26,45678.0,46216.93,34936.469639999996
1640995200,46216.93,47954.63,46208.37,47722.65,19604.411500000006
1641081600,47722.66,47990.0,46654.0,47286.18,18340.4604
1641168000,47286.18,47570.0,45696.0,46446.1,27662.077100000006
1641254400,46446.1,47557.54,45500.0,45832.01,35491.4136
1641340800,45832.01,47070.0,42500.0,43451.13,51784.11857
1641427200,43451.14,43816.0,42430.58,43082.31,38880.07599999999
1641513600,43082.3,43145.83,40610.0,41566.48,54836.47273999999
1641600000,41566.48,42300.0,40501.0,41679.74,32952.61153
1641686400,41679.74,42786.7,41200.02,41864.62,22724.357109999997
1641772800,41864.62,42248.5,39650.0,41822.49,50729.17018999999
1641859200,41822.49,43100.0,41268.93,42729.29,37296.437289999994
1641945600,42729.29,44322.0,42450.0,43902.66,33943.2928
1642032000,43902.65,44500.0,42311.22,42560.11,34910.70525
1642118400,42558.35,43448.78,41725.95,43059.96,32640.878380000002
1642204800,43059.96,43800.0,42555.0,43084.29,21936.056159999996
1642291200,43084.29,43475.0,42581.79,43071.66,20602.35055
1642377600,43071.66,43176.18,41540.42,42201.62,27561.919300000005
1642464000,42201.63,42691.0,41250.0,42352.12,29323.702680000002
1642550400,42352.12,42559.13,41138.56,41660.01,31685.721590000012
1642636800,41660.0,43505.0,40553.31,40680.91,42330.18809
1642723200,40680.92,41100.0,35440.45,36445.31,88860.85104900002
1642809600,36445.31,36835.22,34008.0,35071.42,90450.624141
1642896000,35071.42,36499.0,34601.01,36244.55,44278.14995
1642982400,36244.55,37550.0,32917.17,36660.35,91904.69934099998
1643068800,36660.35,37545.14,35701.0,36958.32,49232.40183
1643155200,36958.32,38919.98,36234.63,36809.34,69830.16036000001
1643241600,36807.24,37234.47,35507.01,37160.1,53020.87934
1643328000,37160.11,38000.0,36155.01,37716.56,42154.26956
1643414400,37716.57,38720.74,37268.44,38166.84,26129.49682
1643500800,38166.83,38359.26,37351.63,37881.76,21430.665269999998
1643587200,37881.75,38744.0,36632.61,38466.9,36855.2458
1643673600,38466.9,39265.2,38000.0,38694.59,34574.44663
1643760000,38694.59,38855.92,36586.95,36896.36,35794.681300000004
1643846400,36896.37,37387.0,36250.0,37311.61,32081.109989999994
1643932800,37311.98,41772.33,37026.73,41574.25,64703.958739999995
1644019200,41571.7,41913.69,40843.01,41382.59,32531.14158
1644105600,41382.6,42656.0,41116.56,42380.87,22405.167040000004
1644192000,42380.87,44500.5,41645.85,43839.99,51060.620059999994
1644278400,43839.99,45492.0,42666.0,44042.99,64880.293869999994
1644364800,44043.0,44799.0,43117.92,44372.72,34428.16729
1644451200,44372.71,45821.0,43174.01,43495.44,62357.29091
1644537600,43495.44,43920.0,41938.51,42373.73,44975.1687
1644624000,42373.73,43079.49,41688.88,42217.87,26592.21223
1644710400,42217.87,42760.0,41870.0,42053.66,17731.75334
1644796800,42053.65,42842.4,41550.56,42535.94,34010.12959999999
1644883200,42535.94,44751.4,42427.03,44544.86,38095.19576000001
1644969600,44544.85,44549.97,43307.0,43873.56,28471.872700000004
1645056000,43873.56,44164.71,40073.21,40515.7,47245.99494000001
1645142400,40515.71,40959.88,39450.0,39974.44,43845.361110000005
1645228800,39974.45,40444.32,39639.03,40079.17,18041.8358
1645315200,40079.17,40125.44,38000.0,38386.89,33434.569410000004
1645401600,38386.89,39494.35,36800.0,37008.16,62347.469130000005
1645488000,37008.16,38429.0,36350.0,38230.33,53784.21719000001
1645574400,38230.33,39249.93,37036.79,37250.01,43557.9419
1645660800,37250.02,39843.0,34322.28,38327.21,120476.27851999999
1645747200,38328.68,39683.53,38014.37,39219.17,56574.187829999995
1645833600,39219.16,40348.45,38573.18,39116.72,29361.2568
1645920000,39116.73,39855.7,37000.0,37699.07,46229.44484
1646006400,37699.08,44225.84,37450.17,43160.0,73945.26314
1646092800,43160.0,44949.0,42809.98,44421.2,61737.99615
1646179200,44421.2,45400.0,43334.09,43892.98,57782.64487000001
1646265600,43892.99,44101.12,41832.28,42454.0,50939.711640000016
1646352000,42454.0,42527.3,38550.0,39148.66,61964.527010000005
1646438400,39148.65,39613.24,38407.59,39397.96,30363.133410000002
1646524800,39397.97,39693.87,38088.57,38420.81,39677.22126
1646611200,38420.8,39547.57,37155.0,37988.0,63994.115589999994
1646697600,37988.01,39362.08,37867.65,38730.63,55583.007600000004
1646784000,38730.63,42594.06,38656.45,41941.71,67392.20979
1646870400,41941.7,42039.63,38539.73,39422.0,71945.23775
1646956800,39422.01,40236.26,38223.6,38729.57,59015.38294
1647043200,38729.57,39486.71,38660.52,38807.36,24032.107350000002
1647129600,38807.35,39310.0,37578.51,37777.34,32791.82358999999
1647216000,37777.35,39947.12,37555.0,39671.37,46932.92701
1647302400,39671.37,39887.61,38098.33,39280.33,46007.0119
1647388800,39280.33,41718.0,38828.48,41114.0,88120.73952999999
1647475200,41114.01,41478.82,40500.0,40917.9,37189.05521
1647561600,40917.89,42325.02,40135.04,41757.51,45407.98968999999
1647648000,41757.51,42400.0,41499.29,42201.13,29067.18108
1647734400,42201.13,42296.26,40911.0,41262.11,30652.516
1647820800,41262.11,41544.22,40467.94,41002.25,39426.248770000006
1647907200,41002.26,43361.0,40875.51,42364.13,59451.44638000003
1647993600,42364.13,43025.96,41751.47,42882.76,40828.87038999999
1648080000,42882.76,44220.89,42560.46,43991.46,55107.02978
1648166400,43991.46,45094.14,43579.0,44313.16,54614.24762
1648252800,44313.16,44792.99,44071.97,44511.27,23041.40293
1648339200,44511.27,46999.0,44421.46,46827.76,41874.833889999994
1648425600,46827.76,48189.84,46663.56,47122.21,58949.04496
1648512000,47122.21,48096.47,46950.85,47434.8,36771.4489
1648598400,47434.79,47700.22,46445.42,47067.99,40844.6198
1648684800,47067.99,47600.0,45200.0,45510.34,48645.026370000014
1648771200,45510.35,46720.09,44200.0,46283.49,56271.00359
1648857600,46283.49,47213.0,45620.0,45811.0,37052.943049999994
1648944000,45810.99,47444.11,45530.92,46407.35,33394.67708000001
1649030400,46407.36,46890.71,45118.0,46580.51,44640.83686
1649116800,46580.5,47200.0,45353.81,45497.55,42180.48702999999
1649203200,45497.54,45507.14,43121.0,43170.47,60849.32936
1649289600,43170.47,43900.99,42727.35,43444.19,37396.53256999999
1649376000,43444.2,43970.62,42107.14,42252.01,42375.013920000005
1649462400,42252.02,42800.0,42125.48,42753.97,17891.66047
1649548800,42753.96,43410.3,41868.0,42158.85,22771.028180000005
1649635200,42158.85,42414.71,39200.0,39530.45,63560.42245000001
1649721600,39530.45,40699.0,39254.63,40074.94,57750.33679000001
1649808000,40074.95,41561.31,39588.54,41147.79,41337.240260000006
1649894400,41147.78,41500.0,39551.94,39942.38,36806.80607
1649980800,39942.37,40870.36,39766.4,40551.9,24026.357389999997
1650067200,40551.9,40709.35,39991.55,40378.71,15805.430080000002
1650153600,40378.7,40595.67,39546.17,39678.12,19988.459769999998
1650240000,39678.11,41116.73,38536.51,40801.13,54243.495749999995
1650326400,40801.13,41760.0,40571.0,41493.18,35787.56018999999
1650412800,41493.19,42199.0,40820.0,41358.19,40877.350150000006
1650499200,41358.19,42976.0,39751.0,40480.01,59314.917
1650585600,40480.01,40795.06,39177.0,39709.18,46662.834140000006
1650672000,39709.19,39980.0,39285.0,39441.6,20291.36358
1650758400,39441.61,39940.0,38929.62,39450.13,26703.43531999996
1650844800,39450.12,40616.0,38200.0,40426.08,63036.991200000004
1650931200,40426.08,40797.31,37702.26,38112.65,66650.02965000001
1651017600,38112.64,39474.72,37881.31,39235.72,57083.121790000005
1651104000,39235.72,40372.63,38881.43,39742.07,56077.625190000006
1651190400,39742.06,39925.25,38175.0,38596.11,51453.59979
1651276800,38596.11,38795.38,37578.2,37630.8,35320.912520000005
1651363200,37630.8,38675.0,37386.38,38468.35,38811.25073
1651449600,38468.35,39167.34,38052.0,38525.16,53194.990110000006
1651536000,38525.16,38651.51,37517.8,37728.95,40316.41393999999
1651622400,37728.95,40023.77,37670.0,39690.0,62574.51784000001
1651708800,39690.0,39845.51,35571.9,36552.97,88716.82070999987
1651795200,36552.97,36675.63,35258.0,36013.77,68437.27546999989
1651881600,36013.77,36146.3,34785.0,35472.39,34281.39301
1651968000,35472.4,35514.22,33713.95,34038.4,72445.51989999997
1652054400,34038.39,34243.15,30033.33,30076.31,191876.92642799998
1652140800,30074.23,32658.99,29730.4,31017.1,165522.91155999998
1652227200,31017.11,32162.59,27785.0,29103.94,207062.92523799976
1652313600,29103.94,30243.0,26700.0,29029.75,204504.93792800006
1652400000,29029.74,31083.37,28751.67,29287.05,97870.96172
